  **** HLS Build v2025.1.1 6214317
Sourcing Tcl script '/nethome/sparakh7/fpga_8893/2026_Spring/lab0/script.tcl'
INFO: [HLS 200-1510] Running: open_component project_1 
INFO: [HLS 200-10] Creating and opening component '/nethome/sparakh7/fpga_8893/2026_Spring/lab0/project_1'.
INFO: [HLS 200-1505] Using default flow_target 'vivado'
Resolution: For help on HLS 200-1505 see docs.xilinx.com/access/sources/dita/topic?Doc_Version=2025.1%20English&url=ug1448-hls-guidance&resourceid=200-1505.html
INFO: [HLS 200-2176] Writing Vitis IDE component file /nethome/sparakh7/fpga_8893/2026_Spring/lab0/project_1/vitis-comp.json
INFO: [HLS 200-1915] Writing HLS config ini file /nethome/sparakh7/fpga_8893/2026_Spring/lab0/project_1/hls_config.cfg
INFO: [HLS 200-1510] Running: set_top top_kernel 
INFO: [HLS 200-1510] Running: add_files top.cpp 
INFO: [HLS 200-10] Adding design file 'top.cpp' to the project
INFO: [HLS 200-1510] Running: add_files -tb host.cpp 
INFO: [HLS 200-10] Adding test bench file 'host.cpp' to the project
INFO: [HLS 200-1510] Running: set_part xczu3eg-sbva484-1-e 
INFO: [HLS 200-1611] Setting target device to 'xczu3eg-sbva484-1-e'
INFO: [HLS 200-1510] Running: csynth_design 
INFO: [HLS 200-1915] Writing HLS config ini file /nethome/sparakh7/fpga_8893/2026_Spring/lab0/project_1/hls_config.cfg
INFO: [HLS 200-111] Finished File checks and directory preparation: CPU user time: 0.17 seconds. CPU system time: 0.09 seconds. Elapsed time: 7.81 seconds; current allocated memory: 0.000 MB.
INFO: [HLS 200-10] Analyzing design file 'top.cpp' ... 
INFO: [HLS 200-111] Finished Source Code Analysis and Preprocessing: CPU user time: 0.46 seconds. CPU system time: 0.63 seconds. Elapsed time: 1.33 seconds; current allocated memory: 0.000 MB.
INFO: [HLS 200-777] Using interface defaults for 'Vivado' flow target.
INFO: [HLS 200-1995] There were 24 instructions in the design after the 'Compile/Link' phase of compilation. See the Design Size Report for more details (/nethome/sparakh7/fpga_8893/2026_Spring/lab0/project_1/hls/syn/report/csynth_design_size.rpt:2)
INFO: [HLS 200-1995] There were 22 instructions in the design after the 'Unroll/Inline (step 1)' phase of compilation. See the Design Size Report for more details (/nethome/sparakh7/fpga_8893/2026_Spring/lab0/project_1/hls/syn/report/csynth_design_size.rpt:2)
INFO: [HLS 200-1995] There were 18 instructions in the design after the 'Unroll/Inline (step 2)' phase of compilation. See the Design Size Report for more details (/nethome/sparakh7/fpga_8893/2026_Spring/lab0/project_1/hls/syn/report/csynth_design_size.rpt:2)
INFO: [HLS 200-1995] There were 20 instructions in the design after the 'Unroll/Inline (step 3)' phase of compilation. See the Design Size Report for more details (/nethome/sparakh7/fpga_8893/2026_Spring/lab0/project_1/hls/syn/report/csynth_design_size.rpt:2)
INFO: [HLS 200-1995] There were 20 instructions in the design after the 'Unroll/Inline (step 4)' phase of compilation. See the Design Size Report for more details (/nethome/sparakh7/fpga_8893/2026_Spring/lab0/project_1/hls/syn/report/csynth_design_size.rpt:2)
INFO: [HLS 200-1995] There were 23 instructions in the design after the 'Array/Struct (step 1)' phase of compilation. See the Design Size Report for more details (/nethome/sparakh7/fpga_8893/2026_Spring/lab0/project_1/hls/syn/report/csynth_design_size.rpt:2)
INFO: [HLS 200-1995] There were 23 instructions in the design after the 'Array/Struct (step 2)' phase of compilation. See the Design Size Report for more details (/nethome/sparakh7/fpga_8893/2026_Spring/lab0/project_1/hls/syn/report/csynth_design_size.rpt:2)
INFO: [HLS 200-1995] There were 23 instructions in the design after the 'Array/Struct (step 3)' phase of compilation. See the Design Size Report for more details (/nethome/sparakh7/fpga_8893/2026_Spring/lab0/project_1/hls/syn/report/csynth_design_size.rpt:2)
INFO: [HLS 200-1995] There were 23 instructions in the design after the 'Array/Struct (step 4)' phase of compilation. See the Design Size Report for more details (/nethome/sparakh7/fpga_8893/2026_Spring/lab0/project_1/hls/syn/report/csynth_design_size.rpt:2)
INFO: [HLS 200-1995] There were 29 instructions in the design after the 'Array/Struct (step 5)' phase of compilation. See the Design Size Report for more details (/nethome/sparakh7/fpga_8893/2026_Spring/lab0/project_1/hls/syn/report/csynth_design_size.rpt:2)
INFO: [HLS 200-1995] There were 26 instructions in the design after the 'Performance (step 1)' phase of compilation. See the Design Size Report for more details (/nethome/sparakh7/fpga_8893/2026_Spring/lab0/project_1/hls/syn/report/csynth_design_size.rpt:2)
INFO: [HLS 200-1995] There were 26 instructions in the design after the 'Performance (step 2)' phase of compilation. See the Design Size Report for more details (/nethome/sparakh7/fpga_8893/2026_Spring/lab0/project_1/hls/syn/report/csynth_design_size.rpt:2)
INFO: [HLS 200-1995] There were 26 instructions in the design after the 'Performance (step 3)' phase of compilation. See the Design Size Report for more details (/nethome/sparakh7/fpga_8893/2026_Spring/lab0/project_1/hls/syn/report/csynth_design_size.rpt:2)
INFO: [HLS 200-1995] There were 26 instructions in the design after the 'Performance (step 4)' phase of compilation. See the Design Size Report for more details (/nethome/sparakh7/fpga_8893/2026_Spring/lab0/project_1/hls/syn/report/csynth_design_size.rpt:2)
INFO: [HLS 200-1995] There were 35 instructions in the design after the 'HW Transforms (step 1)' phase of compilation. See the Design Size Report for more details (/nethome/sparakh7/fpga_8893/2026_Spring/lab0/project_1/hls/syn/report/csynth_design_size.rpt:2)
INFO: [HLS 200-1995] There were 38 instructions in the design after the 'HW Transforms (step 2)' phase of compilation. See the Design Size Report for more details (/nethome/sparakh7/fpga_8893/2026_Spring/lab0/project_1/hls/syn/report/csynth_design_size.rpt:2)
INFO: [HLS 214-376] automatically set the pipeline for Loop< VITIS_LOOP_11_1> at top.cpp:11:19 
INFO: [HLS 214-115] Multiple burst reads of length 100 and bit width 32 in loop 'VITIS_LOOP_11_1'(top.cpp:11:19) has been inferred on bundle 'a'. These burst requests might be further partitioned into multiple requests during RTL generation, based on max_read_burst_length or max_write_burst_length settings. (top.cpp:11:19)
INFO: [HLS 214-115] Multiple burst reads of length 100 and bit width 32 in loop 'VITIS_LOOP_11_1'(top.cpp:11:19) has been inferred on bundle 'b'. These burst requests might be further partitioned into multiple requests during RTL generation, based on max_read_burst_length or max_write_burst_length settings. (top.cpp:11:19)
INFO: [HLS 214-115] Multiple burst writes of length 100 and bit width 32 in loop 'VITIS_LOOP_11_1'(top.cpp:11:19) has been inferred on bundle 'sum'. These burst requests might be further partitioned into multiple requests during RTL generation, based on max_read_burst_length or max_write_burst_length settings. (top.cpp:11:19)
INFO: [HLS 200-111] Finished Compiling Optimization and Transform: CPU user time: 3.39 seconds. CPU system time: 0.87 seconds. Elapsed time: 11.24 seconds; current allocated memory: 0.000 MB.
INFO: [HLS 200-111] Finished Checking Pragmas: CPU user time: 0 seconds. CPU system time: 0 seconds. Elapsed time: 0 seconds; current allocated memory: 0.000 MB.
INFO: [HLS 200-10] Starting code transformations ...
INFO: [HLS 200-111] Finished Standard Transforms: CPU user time: 0.01 seconds. CPU system time: 0 seconds. Elapsed time: 0.04 seconds; current allocated memory: 0.000 MB.
INFO: [HLS 200-10] Checking synthesizability ...
INFO: [HLS 200-111] Finished Checking Synthesizability: CPU user time: 0.01 seconds. CPU system time: 0 seconds. Elapsed time: 0.09 seconds; current allocated memory: 0.000 MB.
INFO: [HLS 200-111] Finished Loop, function and other optimizations: CPU user time: 0.04 seconds. CPU system time: 0.02 seconds. Elapsed time: 0.06 seconds; current allocated memory: 0.000 MB.
INFO: [HLS 200-111] Finished Architecture Synthesis: CPU user time: 0.03 seconds. CPU system time: 0.01 seconds. Elapsed time: 0.04 seconds; current allocated memory: 0.000 MB.
INFO: [HLS 200-10] Starting hardware synthesis ...
INFO: [HLS 200-10] Synthesizing 'top_kernel' ...
INFO: [SYN 201-201] Setting up clock 'default' with a period of 10ns.
INFO: [HLS 200-10] ----------------------------------------------------------------
INFO: [HLS 200-42] -- Implementing module 'top_kernel' 
INFO: [HLS 200-10] ----------------------------------------------------------------
INFO: [SCHED 204-11] Starting scheduling ...
INFO: [SCHED 204-61] Pipelining loop 'VITIS_LOOP_11_1'.
INFO: [HLS 200-876] Unable to schedule the whole 8 cycles bus request operation ('empty', top.cpp:11) on port 'a' (top.cpp:11) within the first cycle (II = 1). Simulation mismatch may occur if the input data is modified before this operation completes.
Resolution: For help on HLS 200-876 see docs.xilinx.com/access/sources/dita/topic?Doc_Version=2025.1%20English&url=ug1448-hls-guidance&resourceid=200-876.html
INFO: [HLS 200-1470] Pipelining result : Target II = NA, Final II = 1, Depth = 17, loop 'VITIS_LOOP_11_1'
INFO: [SCHED 204-11] Finished scheduling.
INFO: [HLS 200-111] Finished Scheduling: CPU user time: 0.05 seconds. CPU system time: 0.04 seconds. Elapsed time: 0.22 seconds; current allocated memory: 0.000 MB.
INFO: [BIND 205-100] Starting micro-architecture generation ...
INFO: [BIND 205-101] Performing variable lifetime analysis.
INFO: [BIND 205-101] Exploring resource sharing.
INFO: [BIND 205-101] Binding ...
INFO: [BIND 205-100] Finished micro-architecture generation.
INFO: [HLS 200-111] Finished Binding: CPU user time: 0.03 seconds. CPU system time: 0 seconds. Elapsed time: 0.38 seconds; current allocated memory: 0.000 MB.
INFO: [HLS 200-10] ----------------------------------------------------------------
INFO: [HLS 200-10] -- Generating RTL for module 'top_kernel' 
INFO: [HLS 200-10] ----------------------------------------------------------------
WARNING: [RTGEN 206-101] Design contains AXI ports. Reset is fixed to synchronous and active low.
INFO: [RTGEN 206-500] Setting interface mode on port 'top_kernel/a' to 'm_axi'.
INFO: [RTGEN 206-500] Setting interface mode on port 'top_kernel/b' to 'm_axi'.
INFO: [RTGEN 206-500] Setting interface mode on port 'top_kernel/sum' to 'm_axi'.
INFO: [RTGEN 206-500] Setting interface mode on port 'top_kernel/a_r' to 's_axilite & ap_none'.
INFO: [RTGEN 206-500] Setting interface mode on port 'top_kernel/b_r' to 's_axilite & ap_none'.
INFO: [RTGEN 206-500] Setting interface mode on port 'top_kernel/sum_r' to 's_axilite & ap_none'.
INFO: [RTGEN 206-500] Setting interface mode on function 'top_kernel' to 's_axilite & ap_ctrl_hs'.
INFO: [HLS 200-1030] Apply Unified Pipeline Control on module 'top_kernel' pipeline 'VITIS_LOOP_11_1' pipeline type 'loop pipeline'
INFO: [RTGEN 206-100] Bundling port 'a_r', 'b_r', 'sum_r' and 'return' to AXI-Lite port control.
INFO: [RTGEN 206-100] Generating core module 'mul_32s_32s_32_1_1': 1 instance(s).
INFO: [RTGEN 206-100] Finished creating RTL model for 'top_kernel'.
INFO: [HLS 200-111] Finished Creating RTL model: CPU user time: 0.08 seconds. CPU system time: 0.01 seconds. Elapsed time: 0.14 seconds; current allocated memory: 0.000 MB.
INFO: [HLS 200-111] Finished Generating all RTL models: CPU user time: 0.38 seconds. CPU system time: 0.06 seconds. Elapsed time: 0.68 seconds; current allocated memory: 0.000 MB.
INFO: [HLS 200-1603] Design has inferred MAXI bursts and missed bursts, see Vitis HLS GUI synthesis summary report for detailed information.
INFO: [HLS 200-111] Finished Updating report files: CPU user time: 0.67 seconds. CPU system time: 0.15 seconds. Elapsed time: 1.79 seconds; current allocated memory: 0.000 MB.
INFO: [VHDL 208-304] Generating VHDL RTL for top_kernel.
INFO: [VLOG 209-307] Generating Verilog RTL for top_kernel.
INFO: [HLS 200-790] **** Loop Constraint Status: All loop constraints were satisfied.
INFO: [HLS 200-789] **** Estimated Fmax: 136.99 MHz
INFO: [HLS 200-2161] Finished Command csynth_design Elapsed time: 00:00:23; Allocated memory: 0.000 MB.
INFO: [HLS 200-1510] Running: cosim_design 
INFO: [HLS 200-1915] Writing HLS config ini file /nethome/sparakh7/fpga_8893/2026_Spring/lab0/project_1/hls_config.cfg
WARNING: [HLS 200-626] This design is unable to schedule all read ports in the first II cycle. The RTL testbench may treat the design as non-pipelined
INFO: [COSIM 212-47] Using XSIM for RTL simulation.
INFO: [COSIM 212-14] Instrumenting C test bench ...
   Build using "/tools/software/xilinx/2025.1.1/Vitis/lnx64/tools/vcxx/libexec/clang++"
   Compiling host.cpp_pre.cpp.tb.cpp
   Compiling apatb_top_kernel.cpp
   Compiling top.cpp_pre.cpp.tb.cpp
   Compiling apatb_top_kernel_ir.ll
   Generating cosim.tv.exe
INFO: [COSIM 212-302] Starting C TB testing ... 
TEST PASSED
INFO: [COSIM 212-333] Generating C post check test bench ...
INFO: [COSIM 212-12] Generating RTL test bench ...
INFO: [COSIM 212-1] *** C/RTL co-simulation file generation completed. ***
INFO: [COSIM 212-323] Starting verilog simulation. 
INFO: [COSIM 212-15] Starting XSIM ...
Vivado Simulator v2025.1.1
Copyright 1986-2022 Xilinx, Inc. All Rights Reserved.
Copyright 2022-2025 Advanced Micro Devices, Inc. All Rights Reserved.
Running: /tools/software/xilinx/2025.1.1/Vivado/bin/unwrapped/lnx64.o/xelab xil_defaultlib.apatb_top_kernel_top xil_defaultlib.glbl -Oenable_linking_all_libraries -prj top_kernel.prj -L smartconnect_v1_0 -L axi_protocol_checker_v1_1_12 -L axi_protocol_checker_v1_1_13 -L axis_protocol_checker_v1_1_11 -L axis_protocol_checker_v1_1_12 -L xil_defaultlib -L unisims_ver -L xpm -L floating_point_v7_1_20 -L floating_point_v7_0_25 --lib ieee_proposed=./ieee_proposed -L uvm -relax -i ./svr -i ./svtb -i ./file_agent -i ./top_kernel_subsystem -s top_kernel 
Multi-threading is on. Using 110 slave threads.
INFO: [VRFC 10-2263] Analyzing SystemVerilog file "/nethome/sparakh7/fpga_8893/2026_Spring/lab0/project_1/hls/sim/verilog/glbl.v" into library xil_defaultlib
INFO: [VRFC 10-311] analyzing module glbl
INFO: [VRFC 10-2263] Analyzing SystemVerilog file "/nethome/sparakh7/fpga_8893/2026_Spring/lab0/project_1/hls/sim/verilog/top_kernel.autotb.v" into library xil_defaultlib
INFO: [VRFC 10-311] analyzing module apatb_top_kernel_top
INFO: [VRFC 10-2263] Analyzing SystemVerilog file "/nethome/sparakh7/fpga_8893/2026_Spring/lab0/project_1/hls/sim/verilog/top_kernel.v" into library xil_defaultlib
INFO: [VRFC 10-311] analyzing module top_kernel
INFO: [VRFC 10-2263] Analyzing SystemVerilog file "/nethome/sparakh7/fpga_8893/2026_Spring/lab0/project_1/hls/sim/verilog/top_kernel_flow_control_loop_pipe.v" into library xil_defaultlib
INFO: [VRFC 10-311] analyzing module top_kernel_flow_control_loop_pipe
INFO: [VRFC 10-2263] Analyzing SystemVerilog file "/nethome/sparakh7/fpga_8893/2026_Spring/lab0/project_1/hls/sim/verilog/top_kernel_mul_32s_32s_32_1_1.v" into library xil_defaultlib
INFO: [VRFC 10-311] analyzing module top_kernel_mul_32s_32s_32_1_1
INFO: [VRFC 10-2263] Analyzing SystemVerilog file "/nethome/sparakh7/fpga_8893/2026_Spring/lab0/project_1/hls/sim/verilog/top_kernel_a_m_axi.v" into library xil_defaultlib
INFO: [VRFC 10-311] analyzing module top_kernel_a_m_axi
INFO: [VRFC 10-311] analyzing module top_kernel_a_m_axi_load
INFO: [VRFC 10-311] analyzing module top_kernel_a_m_axi_read
INFO: [VRFC 10-311] analyzing module top_kernel_a_m_axi_burst_converter
INFO: [VRFC 10-311] analyzing module top_kernel_a_m_axi_burst_interleave
INFO: [VRFC 10-311] analyzing module top_kernel_a_m_axi_burst_sequential
INFO: [VRFC 10-311] analyzing module top_kernel_a_m_axi_reg_slice
INFO: [VRFC 10-311] analyzing module top_kernel_a_m_axi_fifo
INFO: [VRFC 10-311] analyzing module top_kernel_a_m_axi_srl
INFO: [VRFC 10-311] analyzing module top_kernel_a_m_axi_mem
INFO: [VRFC 10-2263] Analyzing SystemVerilog file "/nethome/sparakh7/fpga_8893/2026_Spring/lab0/project_1/hls/sim/verilog/top_kernel_b_m_axi.v" into library xil_defaultlib
INFO: [VRFC 10-311] analyzing module top_kernel_b_m_axi
INFO: [VRFC 10-311] analyzing module top_kernel_b_m_axi_load
INFO: [VRFC 10-311] analyzing module top_kernel_b_m_axi_read
INFO: [VRFC 10-311] analyzing module top_kernel_b_m_axi_burst_converter
INFO: [VRFC 10-311] analyzing module top_kernel_b_m_axi_burst_interleave
INFO: [VRFC 10-311] analyzing module top_kernel_b_m_axi_burst_sequential
INFO: [VRFC 10-311] analyzing module top_kernel_b_m_axi_reg_slice
INFO: [VRFC 10-311] analyzing module top_kernel_b_m_axi_fifo
INFO: [VRFC 10-311] analyzing module top_kernel_b_m_axi_srl
INFO: [VRFC 10-311] analyzing module top_kernel_b_m_axi_mem
INFO: [VRFC 10-2263] Analyzing SystemVerilog file "/nethome/sparakh7/fpga_8893/2026_Spring/lab0/project_1/hls/sim/verilog/top_kernel_sum_m_axi.v" into library xil_defaultlib
INFO: [VRFC 10-311] analyzing module top_kernel_sum_m_axi
INFO: [VRFC 10-311] analyzing module top_kernel_sum_m_axi_store
INFO: [VRFC 10-311] analyzing module top_kernel_sum_m_axi_write
INFO: [VRFC 10-311] analyzing module top_kernel_sum_m_axi_burst_converter
INFO: [VRFC 10-311] analyzing module top_kernel_sum_m_axi_burst_interleave
INFO: [VRFC 10-311] analyzing module top_kernel_sum_m_axi_burst_sequential
INFO: [VRFC 10-311] analyzing module top_kernel_sum_m_axi_throttle
INFO: [VRFC 10-311] analyzing module top_kernel_sum_m_axi_reg_slice
INFO: [VRFC 10-311] analyzing module top_kernel_sum_m_axi_fifo
INFO: [VRFC 10-311] analyzing module top_kernel_sum_m_axi_srl
INFO: [VRFC 10-311] analyzing module top_kernel_sum_m_axi_mem
INFO: [VRFC 10-2263] Analyzing SystemVerilog file "/nethome/sparakh7/fpga_8893/2026_Spring/lab0/project_1/hls/sim/verilog/top_kernel_control_s_axi.v" into library xil_defaultlib
INFO: [VRFC 10-311] analyzing module top_kernel_control_s_axi
INFO: [VRFC 10-2263] Analyzing SystemVerilog file "/nethome/sparakh7/fpga_8893/2026_Spring/lab0/project_1/hls/sim/verilog/dataflow_monitor.sv" into library xil_defaultlib
INFO: [VRFC 10-311] analyzing module dataflow_monitor
INFO: [VRFC 10-2263] Analyzing SystemVerilog file "/nethome/sparakh7/fpga_8893/2026_Spring/lab0/project_1/hls/sim/verilog/file_agent/file_agent_pkg.sv" into library xil_defaultlib
INFO: [VRFC 10-2263] Analyzing SystemVerilog file "/nethome/sparakh7/fpga_8893/2026_Spring/lab0/project_1/hls/sim/verilog/axivip/axi_pkg.sv" into library xil_defaultlib
INFO: [VRFC 10-2263] Analyzing SystemVerilog file "/nethome/sparakh7/fpga_8893/2026_Spring/lab0/project_1/hls/sim/verilog/axivip/axi_if.sv" into library xil_defaultlib
INFO: [VRFC 10-2263] Analyzing SystemVerilog file "/nethome/sparakh7/fpga_8893/2026_Spring/lab0/project_1/hls/sim/verilog/top_kernel_subsystem/top_kernel_subsystem_pkg.sv" into library xil_defaultlib
INFO: [VRFC 10-2263] Analyzing SystemVerilog file "/nethome/sparakh7/fpga_8893/2026_Spring/lab0/project_1/hls/sim/verilog/svtb/misc_interface.sv" into library xil_defaultlib
INFO: [VRFC 10-2263] Analyzing SystemVerilog file "/nethome/sparakh7/fpga_8893/2026_Spring/lab0/project_1/hls/sim/verilog/svtb/sv_module_top.sv" into library xil_defaultlib
INFO: [VRFC 10-311] analyzing module sv_module_top
Starting static elaboration
Pass Through NonSizing Optimizer
Completed static elaboration
Starting simulation data flow analysis
WARNING: [XSIM 43-4099] "/proj/primebuilds/9999.0_PRIME_0428_0031/installs/data/system_verilog/uvm_1.2/xlnx_uvm_package.sv" Line 4356. Module uvm_pkg doesn't have a timescale but at least one module in design has a timescale.
WARNING: [XSIM 43-4099] "/proj/primebuilds/9999.0_PRIME_0428_0031/installs/data/system_verilog/uvm_1.2/xlnx_uvm_package.sv" Line 4356. Module uvm_pkg doesn't have a timescale but at least one module in design has a timescale.
WARNING: [XSIM 43-4468] File : /proj/primebuilds/9999.0_PRIME_0428_0031/installs/data/system_verilog/uvm_1.2/xlnx_uvm_package.sv, Line : 25994, RANDC variable size more than 8 bits. This will be treated as a RAND variable instead.
Completed simulation data flow analysis
Time Resolution for simulation is 1ps
Compiling package xil_defaultlib.$unit_sv_module_top_sv
Compiling package uvm.uvm_pkg
Compiling package std.std
Compiling package xil_defaultlib.axi_pkg
Compiling package xil_defaultlib.top_kernel_subsystem_pkg
Compiling package xil_defaultlib.file_agent_pkg
Compiling package xil_defaultlib.$unit_dataflow_monitor_sv
Compiling module xil_defaultlib.top_kernel_control_s_axi
Compiling module xil_defaultlib.top_kernel_a_m_axi_srl(DATA_WIDT...
Compiling module xil_defaultlib.top_kernel_a_m_axi_fifo(DATA_WID...
Compiling module xil_defaultlib.top_kernel_a_m_axi_mem(MEM_STYLE...
Compiling module xil_defaultlib.top_kernel_a_m_axi_fifo(MEM_STYL...
Compiling module xil_defaultlib.top_kernel_a_m_axi_load(NUM_READ...
Compiling module xil_defaultlib.top_kernel_a_m_axi_reg_slice(DAT...
Compiling module xil_defaultlib.top_kernel_a_m_axi_burst_sequent...
Compiling module xil_defaultlib.top_kernel_a_m_axi_reg_slice(DAT...
Compiling module xil_defaultlib.top_kernel_a_m_axi_srl(DATA_WIDT...
Compiling module xil_defaultlib.top_kernel_a_m_axi_fifo(DATA_WID...
Compiling module xil_defaultlib.top_kernel_a_m_axi_read(C_USER_V...
Compiling module xil_defaultlib.top_kernel_a_m_axi(C_M_AXI_ADDR_...
Compiling module xil_defaultlib.top_kernel_b_m_axi_srl(DATA_WIDT...
Compiling module xil_defaultlib.top_kernel_b_m_axi_fifo(DATA_WID...
Compiling module xil_defaultlib.top_kernel_b_m_axi_mem(MEM_STYLE...
Compiling module xil_defaultlib.top_kernel_b_m_axi_fifo(MEM_STYL...
Compiling module xil_defaultlib.top_kernel_b_m_axi_load(NUM_READ...
Compiling module xil_defaultlib.top_kernel_b_m_axi_reg_slice(DAT...
Compiling module xil_defaultlib.top_kernel_b_m_axi_burst_sequent...
Compiling module xil_defaultlib.top_kernel_b_m_axi_reg_slice(DAT...
Compiling module xil_defaultlib.top_kernel_b_m_axi_srl(DATA_WIDT...
Compiling module xil_defaultlib.top_kernel_b_m_axi_fifo(DATA_WID...
Compiling module xil_defaultlib.top_kernel_b_m_axi_read(C_USER_V...
Compiling module xil_defaultlib.top_kernel_b_m_axi(C_M_AXI_ADDR_...
Compiling module xil_defaultlib.top_kernel_sum_m_axi_srl(DATA_WI...
Compiling module xil_defaultlib.top_kernel_sum_m_axi_fifo(DATA_W...
Compiling module xil_defaultlib.top_kernel_sum_m_axi_srl(DATA_WI...
Compiling module xil_defaultlib.top_kernel_sum_m_axi_fifo(DATA_W...
Compiling module xil_defaultlib.top_kernel_sum_m_axi_srl(DATA_WI...
Compiling module xil_defaultlib.top_kernel_sum_m_axi_fifo(DATA_W...
Compiling module xil_defaultlib.top_kernel_sum_m_axi_srl(DATA_WI...
Compiling module xil_defaultlib.top_kernel_sum_m_axi_fifo(DATA_W...
Compiling module xil_defaultlib.top_kernel_sum_m_axi_srl(DATA_WI...
Compiling module xil_defaultlib.top_kernel_sum_m_axi_fifo(DATA_W...
Compiling module xil_defaultlib.top_kernel_sum_m_axi_store(CONSE...
Compiling module xil_defaultlib.top_kernel_sum_m_axi_reg_slice(D...
Compiling module xil_defaultlib.top_kernel_sum_m_axi_burst_seque...
Compiling module xil_defaultlib.top_kernel_sum_m_axi_reg_slice(D...
Compiling module xil_defaultlib.top_kernel_sum_m_axi_srl(DATA_WI...
Compiling module xil_defaultlib.top_kernel_sum_m_axi_fifo(DATA_W...
Compiling module xil_defaultlib.top_kernel_sum_m_axi_reg_slice(D...
Compiling module xil_defaultlib.top_kernel_sum_m_axi_throttle(CO...
Compiling module xil_defaultlib.top_kernel_sum_m_axi_reg_slice(D...
Compiling module xil_defaultlib.top_kernel_sum_m_axi_write(CONSE...
Compiling module xil_defaultlib.top_kernel_sum_m_axi(C_M_AXI_ADD...
Compiling module xil_defaultlib.top_kernel_mul_32s_32s_32_1_1(NU...
Compiling module xil_defaultlib.top_kernel_flow_control_loop_pip...
Compiling module xil_defaultlib.top_kernel
Compiling module xil_defaultlib.misc_interface_default
Compiling module xil_defaultlib.axi_if(ADDR_WIDTH=64,STRB_WIDTH=...
Compiling module xil_defaultlib.axi_if(ADDR_WIDTH=6,STRB_WIDTH=4...
Compiling module xil_defaultlib.sv_module_top
Compiling module xil_defaultlib.nodf_module_intf_default
Compiling module xil_defaultlib.upc_loop_intf(FSM_WIDTH=1)
Compiling module xil_defaultlib.dataflow_monitor_1
Compiling module xil_defaultlib.apatb_top_kernel_top
Compiling module xil_defaultlib.glbl
Built simulation snapshot top_kernel

****** xsim v2025.1.1 (64-bit)
  **** SW Build 6233196 on Thu Sep 11 21:27:11 MDT 2025
  **** IP Build 6232796 on Fri Sep 12 01:46:16 MDT 2025
  **** SharedData Build 6233195 on Thu Sep 11 17:56:43 MDT 2025
  **** Start of session at: Thu Jan 22 16:05:07 2026
    ** Copyright 1986-2022 Xilinx, Inc. All Rights Reserved.
    ** Copyright 2022-2025 Advanced Micro Devices, Inc. All Rights Reserved.

source xsim.dir/top_kernel/xsim_script.tcl
# xsim {top_kernel} -testplusarg UVM_VERBOSITY=UVM_NONE -testplusarg UVM_TESTNAME=top_kernel_test_lib -testplusarg UVM_TIMEOUT=20000000000000 -autoloadwcfg -tclbatch {top_kernel.tcl}
Time resolution is 1 ps
source top_kernel.tcl
## run all
UVM_INFO /tools/software/xilinx//2025.1.1/Vivado/data/system_verilog/uvm_1.2/xlnx_uvm_package.sv(18601) @ 0: reporter [UVM/RELNOTES] 
----------------------------------------------------------------
UVM-1.2
(C) 2007-2014 Mentor Graphics Corporation
(C) 2007-2014 Cadence Design Systems, Inc.
(C) 2006-2014 Synopsys, Inc.
(C) 2011-2013 Cypress Semiconductor Corp.
(C) 2013-2014 NVIDIA Corporation
----------------------------------------------------------------

  ***********       IMPORTANT RELEASE NOTES         ************

  You are using a version of the UVM library that has been compiled
  with `UVM_NO_DEPRECATED undefined.

  You are using a version of the UVM library that has been compiled
  with `UVM_OBJECT_DO_NOT_NEED_CONSTRUCTOR undefined.

      (Specify +UVM_NO_RELNOTES to turn off this notice)

UVM_INFO /tools/software/xilinx//2025.1.1/Vivado/data/system_verilog/uvm_1.2/xlnx_uvm_package.sv(18648) @ 0: reporter [NO_DPI_TSTNAME] UVM_NO_DPI defined--getting UVM_TESTNAME directly, without DPI
UVM_INFO /tools/software/xilinx//2025.1.1/Vivado/data/system_verilog/uvm_1.2/xlnx_uvm_package.sv(18752) @ 0: reporter [UVMTOP] UVM testbench topology:
--------------------------------------------------------------------------------------
Name                         Type                              Size  Value            
--------------------------------------------------------------------------------------
uvm_test_top                 top_kernel_test_lib               -     @370             
  top_env                    top_kernel_env                    -     @381             
    axi_lite_control         uvm_env                           -     @498             
      item_rtr_port          uvm_analysis_port                 -     @517             
      item_wtr_port          uvm_analysis_port                 -     @507             
      master                 uvm_agent                         -     @950             
        ardrv                uvm_driver #(REQ,RSP)             -     @1625            
          item_read_imp      uvm_analysis_port                 -     @1654            
          rsp_port           uvm_analysis_port                 -     @1644            
          seq_item_port      uvm_seq_item_pull_port            -     @1634            
          m_num_sent         integral                          32    'h0              
        arsqr                axi_sequencer                     -     @1664            
          rsp_export         uvm_analysis_export               -     @1673            
          seq_item_export    uvm_seq_item_pull_imp             -     @1791            
          arbitration_queue  array                             0     -                
          lock_queue         array                             0     -                
          num_last_reqs      integral                          32    'd1              
          num_last_rsps      integral                          32    'd1              
        awdrv                uvm_driver #(REQ,RSP)             -     @1097            
          item_read_imp      uvm_analysis_port                 -     @1126            
          rsp_port           uvm_analysis_port                 -     @1116            
          seq_item_port      uvm_seq_item_pull_port            -     @1106            
          m_num_sent         integral                          32    'h0              
        awsqr                axi_sequencer                     -     @1136            
          rsp_export         uvm_analysis_export               -     @1145            
          seq_item_export    uvm_seq_item_pull_imp             -     @1263            
          arbitration_queue  array                             0     -                
          lock_queue         array                             0     -                
          num_last_reqs      integral                          32    'd1              
          num_last_rsps      integral                          32    'd1              
        bdrv                 uvm_driver #(REQ,RSP)             -     @1449            
          item_read_imp      uvm_analysis_port                 -     @1478            
          rsp_port           uvm_analysis_port                 -     @1468            
          seq_item_port      uvm_seq_item_pull_port            -     @1458            
          m_num_sent         integral                          32    'h0              
        bsqr                 axi_sequencer                     -     @1488            
          rsp_export         uvm_analysis_export               -     @1497            
          seq_item_export    uvm_seq_item_pull_imp             -     @1615            
          arbitration_queue  array                             0     -                
          lock_queue         array                             0     -                
          num_last_reqs      integral                          32    'd1              
          num_last_rsps      integral                          32    'd1              
        rdrv                 uvm_driver #(REQ,RSP)             -     @1801            
          item_read_imp      uvm_analysis_port                 -     @1830            
          rsp_port           uvm_analysis_port                 -     @1820            
          seq_item_port      uvm_seq_item_pull_port            -     @1810            
          m_num_sent         integral                          32    'h0              
        rsqr                 axi_sequencer                     -     @1840            
          rsp_export         uvm_analysis_export               -     @1849            
          seq_item_export    uvm_seq_item_pull_imp             -     @1967            
          arbitration_queue  array                             0     -                
          lock_queue         array                             0     -                
          num_last_reqs      integral                          32    'd1              
          num_last_rsps      integral                          32    'd1              
        wdrv                 uvm_driver #(REQ,RSP)             -     @1273            
          item_read_imp      uvm_analysis_port                 -     @1302            
          rsp_port           uvm_analysis_port                 -     @1292            
          seq_item_port      uvm_seq_item_pull_port            -     @1282            
          m_num_sent         integral                          32    'h0              
        wsqr                 axi_sequencer                     -     @1312            
          rsp_export         uvm_analysis_export               -     @1321            
          seq_item_export    uvm_seq_item_pull_imp             -     @1439            
          arbitration_queue  array                             0     -                
          lock_queue         array                             0     -                
          num_last_reqs      integral                          32    'd1              
          num_last_rsps      integral                          32    'd1              
      monitor                uvm_monitor                       -     @772             
        item_ar2r_port       uvm_analysis_port                 -     @841             
        item_ar_port         uvm_analysis_port                 -     @811             
        item_aw2b_port       uvm_analysis_port                 -     @831             
        item_aw_port         uvm_analysis_port                 -     @781             
        item_b_port          uvm_analysis_port                 -     @801             
        item_r_port          uvm_analysis_port                 -     @821             
        item_w_port          uvm_analysis_port                 -     @791             
        checks_enable        integral                          1     'h1              
        coverage_enable      integral                          1     'h1              
      state                  axi_state                         -     @851             
        ar2r_imp             uvm_analysis_imp_ar2r             -     @920             
        ar_imp               uvm_analysis_imp_ar               -     @890             
        aw2b_imp             uvm_analysis_imp_aw2b             -     @910             
        aw_imp               uvm_analysis_imp_aw               -     @860             
        b_imp                uvm_analysis_imp_b                -     @880             
        item_rtr_port        uvm_analysis_port                 -     @940             
        item_wtr_port        uvm_analysis_port                 -     @930             
        r_imp                uvm_analysis_imp_r                -     @900             
        w_imp                uvm_analysis_imp_w                -     @870             
        avg_rate             integral                          32    'h0              
        exp_rate             integral                          32    'h0              
        win_size             integral                          32    'h0              
        bqnum_for_slaseq     integral                          32    'h0              
        rq_from_model_num    integral                          32    'h0              
      vsqr                   axi_virtual_sequencer             -     @959             
        rsp_export           uvm_analysis_export               -     @968             
        seq_item_export      uvm_seq_item_pull_imp             -     @1086            
        arbitration_queue    array                             0     -                
        lock_queue           array                             0     -                
        num_last_reqs        integral                          32    'd1              
        num_last_rsps        integral                          32    'd1              
      cfg                    axi_cfg                           -     @399             
        has_checker          integral                          1     'h1              
        has_coverage         integral                          1     'h1              
        id_num               integral                          32    'h1              
        reset_level          reset_level_enum                  32    RESET_LEVEL_LOW  
        drv_type             drv_type_enum                     32    MASTER           
        write_latency_mode   latency_mode_enum                 32    CHANNEL_FIRST    
        read_latency_mode    latency_mode_enum                 32    CHANNEL_FIRST    
        clatency             axi_latency                       -     @496             
          wr_latency         integral                          32    'h0              
          rd_latency         integral                          32    'h0              
    axi_master_a             uvm_env                           -     @405             
      item_rtr_port          uvm_analysis_port                 -     @424             
      item_wtr_port          uvm_analysis_port                 -     @414             
      monitor                uvm_monitor                       -     @2050            
        item_ar2r_port       uvm_analysis_port                 -     @2119            
        item_ar_port         uvm_analysis_port                 -     @2089            
        item_aw2b_port       uvm_analysis_port                 -     @2109            
        item_aw_port         uvm_analysis_port                 -     @2059            
        item_b_port          uvm_analysis_port                 -     @2079            
        item_r_port          uvm_analysis_port                 -     @2099            
        item_w_port          uvm_analysis_port                 -     @2069            
        checks_enable        integral                          1     'h1              
        coverage_enable      integral                          1     'h1              
      slave                  uvm_agent                         -     @2228            
        ardrv                uvm_driver #(REQ,RSP)             -     @2905            
          item_read_imp      uvm_analysis_port                 -     @2934            
          rsp_port           uvm_analysis_port                 -     @2924            
          seq_item_port      uvm_seq_item_pull_port            -     @2914            
          m_num_sent         integral                          32    'h0              
        arsqr                axi_sequencer                     -     @2944            
          rsp_export         uvm_analysis_export               -     @2953            
          seq_item_export    uvm_seq_item_pull_imp             -     @3071            
          arbitration_queue  array                             0     -                
          lock_queue         array                             0     -                
          num_last_reqs      integral                          32    'd1              
          num_last_rsps      integral                          32    'd1              
        awdrv                uvm_driver #(REQ,RSP)             -     @2377            
          item_read_imp      uvm_analysis_port                 -     @2406            
          rsp_port           uvm_analysis_port                 -     @2396            
          seq_item_port      uvm_seq_item_pull_port            -     @2386            
          m_num_sent         integral                          32    'h0              
        awsqr                axi_sequencer                     -     @2416            
          rsp_export         uvm_analysis_export               -     @2425            
          seq_item_export    uvm_seq_item_pull_imp             -     @2543            
          arbitration_queue  array                             0     -                
          lock_queue         array                             0     -                
          num_last_reqs      integral                          32    'd1              
          num_last_rsps      integral                          32    'd1              
        bdrv                 uvm_driver #(REQ,RSP)             -     @2729            
          item_read_imp      uvm_analysis_port                 -     @2758            
          rsp_port           uvm_analysis_port                 -     @2748            
          seq_item_port      uvm_seq_item_pull_port            -     @2738            
          m_num_sent         integral                          32    'h0              
        bsqr                 axi_sequencer                     -     @2768            
          rsp_export         uvm_analysis_export               -     @2777            
          seq_item_export    uvm_seq_item_pull_imp             -     @2895            
          arbitration_queue  array                             0     -                
          lock_queue         array                             0     -                
          num_last_reqs      integral                          32    'd1              
          num_last_rsps      integral                          32    'd1              
        rdrv                 uvm_driver #(REQ,RSP)             -     @3081            
          item_read_imp      uvm_analysis_port                 -     @3110            
          rsp_port           uvm_analysis_port                 -     @3100            
          seq_item_port      uvm_seq_item_pull_port            -     @3090            
          m_num_sent         integral                          32    'h0              
        rsqr                 axi_sequencer                     -     @3120            
          rsp_export         uvm_analysis_export               -     @3129            
          seq_item_export    uvm_seq_item_pull_imp             -     @3247            
          arbitration_queue  array                             0     -                
          lock_queue         array                             0     -                
          num_last_reqs      integral                          32    'd1              
          num_last_rsps      integral                          32    'd1              
        wdrv                 uvm_driver #(REQ,RSP)             -     @2553            
          item_read_imp      uvm_analysis_port                 -     @2582            
          rsp_port           uvm_analysis_port                 -     @2572            
          seq_item_port      uvm_seq_item_pull_port            -     @2562            
          m_num_sent         integral                          32    'h0              
        wsqr                 axi_sequencer                     -     @2592            
          rsp_export         uvm_analysis_export               -     @2601            
          seq_item_export    uvm_seq_item_pull_imp             -     @2719            
          arbitration_queue  array                             0     -                
          lock_queue         array                             0     -                
          num_last_reqs      integral                          32    'd1              
          num_last_rsps      integral                          32    'd1              
      state                  axi_state                         -     @2129            
        ar2r_imp             uvm_analysis_imp_ar2r             -     @2198            
        ar_imp               uvm_analysis_imp_ar               -     @2168            
        aw2b_imp             uvm_analysis_imp_aw2b             -     @2188            
        aw_imp               uvm_analysis_imp_aw               -     @2138            
        b_imp                uvm_analysis_imp_b                -     @2158            
        item_rtr_port        uvm_analysis_port                 -     @2218            
        item_wtr_port        uvm_analysis_port                 -     @2208            
        r_imp                uvm_analysis_imp_r                -     @2178            
        w_imp                uvm_analysis_imp_w                -     @2148            
        avg_rate             integral                          32    'h0              
        exp_rate             integral                          32    'h0              
        win_size             integral                          32    'h0              
        bqnum_for_slaseq     integral                          32    'h0              
        rq_from_model_num    integral                          32    'h0              
      vsqr                   axi_virtual_sequencer             -     @2237            
        rsp_export           uvm_analysis_export               -     @2246            
        seq_item_export      uvm_seq_item_pull_imp             -     @2364            
        arbitration_queue    array                             0     -                
        lock_queue           array                             0     -                
        num_last_reqs        integral                          32    'd1              
        num_last_rsps        integral                          32    'd1              
      cfg                    axi_cfg                           -     @396             
        has_checker          integral                          1     'h1              
        has_coverage         integral                          1     'h1              
        id_num               integral                          32    'h1              
        reset_level          reset_level_enum                  32    RESET_LEVEL_LOW  
        drv_type             drv_type_enum                     32    SLAVE            
        write_latency_mode   latency_mode_enum                 32    TRANSACTION_FIRST
        read_latency_mode    latency_mode_enum                 32    TRANSACTION_FIRST
        clatency             axi_latency                       -     @400             
          wr_latency         integral                          32    'h0              
          rd_latency         integral                          32    'h0              
    axi_master_b             uvm_env                           -     @436             
      item_rtr_port          uvm_analysis_port                 -     @455             
      item_wtr_port          uvm_analysis_port                 -     @445             
      monitor                uvm_monitor                       -     @3328            
        item_ar2r_port       uvm_analysis_port                 -     @3397            
        item_ar_port         uvm_analysis_port                 -     @3367            
        item_aw2b_port       uvm_analysis_port                 -     @3387            
        item_aw_port         uvm_analysis_port                 -     @3337            
        item_b_port          uvm_analysis_port                 -     @3357            
        item_r_port          uvm_analysis_port                 -     @3377            
        item_w_port          uvm_analysis_port                 -     @3347            
        checks_enable        integral                          1     'h1              
        coverage_enable      integral                          1     'h1              
      slave                  uvm_agent                         -     @3506            
        ardrv                uvm_driver #(REQ,RSP)             -     @4183            
          item_read_imp      uvm_analysis_port                 -     @4212            
          rsp_port           uvm_analysis_port                 -     @4202            
          seq_item_port      uvm_seq_item_pull_port            -     @4192            
          m_num_sent         integral                          32    'h0              
        arsqr                axi_sequencer                     -     @4222            
          rsp_export         uvm_analysis_export               -     @4231            
          seq_item_export    uvm_seq_item_pull_imp             -     @4349            
          arbitration_queue  array                             0     -                
          lock_queue         array                             0     -                
          num_last_reqs      integral                          32    'd1              
          num_last_rsps      integral                          32    'd1              
        awdrv                uvm_driver #(REQ,RSP)             -     @3655            
          item_read_imp      uvm_analysis_port                 -     @3684            
          rsp_port           uvm_analysis_port                 -     @3674            
          seq_item_port      uvm_seq_item_pull_port            -     @3664            
          m_num_sent         integral                          32    'h0              
        awsqr                axi_sequencer                     -     @3694            
          rsp_export         uvm_analysis_export               -     @3703            
          seq_item_export    uvm_seq_item_pull_imp             -     @3821            
          arbitration_queue  array                             0     -                
          lock_queue         array                             0     -                
          num_last_reqs      integral                          32    'd1              
          num_last_rsps      integral                          32    'd1              
        bdrv                 uvm_driver #(REQ,RSP)             -     @4007            
          item_read_imp      uvm_analysis_port                 -     @4036            
          rsp_port           uvm_analysis_port                 -     @4026            
          seq_item_port      uvm_seq_item_pull_port            -     @4016            
          m_num_sent         integral                          32    'h0              
        bsqr                 axi_sequencer                     -     @4046            
          rsp_export         uvm_analysis_export               -     @4055            
          seq_item_export    uvm_seq_item_pull_imp             -     @4173            
          arbitration_queue  array                             0     -                
          lock_queue         array                             0     -                
          num_last_reqs      integral                          32    'd1              
          num_last_rsps      integral                          32    'd1              
        rdrv                 uvm_driver #(REQ,RSP)             -     @4359            
          item_read_imp      uvm_analysis_port                 -     @4388            
          rsp_port           uvm_analysis_port                 -     @4378            
          seq_item_port      uvm_seq_item_pull_port            -     @4368            
          m_num_sent         integral                          32    'h0              
        rsqr                 axi_sequencer                     -     @4398            
          rsp_export         uvm_analysis_export               -     @4407            
          seq_item_export    uvm_seq_item_pull_imp             -     @4525            
          arbitration_queue  array                             0     -                
          lock_queue         array                             0     -                
          num_last_reqs      integral                          32    'd1              
          num_last_rsps      integral                          32    'd1              
        wdrv                 uvm_driver #(REQ,RSP)             -     @3831            
          item_read_imp      uvm_analysis_port                 -     @3860            
          rsp_port           uvm_analysis_port                 -     @3850            
          seq_item_port      uvm_seq_item_pull_port            -     @3840            
          m_num_sent         integral                          32    'h0              
        wsqr                 axi_sequencer                     -     @3870            
          rsp_export         uvm_analysis_export               -     @3879            
          seq_item_export    uvm_seq_item_pull_imp             -     @3997            
          arbitration_queue  array                             0     -                
          lock_queue         array                             0     -                
          num_last_reqs      integral                          32    'd1              
          num_last_rsps      integral                          32    'd1              
      state                  axi_state                         -     @3407            
        ar2r_imp             uvm_analysis_imp_ar2r             -     @3476            
        ar_imp               uvm_analysis_imp_ar               -     @3446            
        aw2b_imp             uvm_analysis_imp_aw2b             -     @3466            
        aw_imp               uvm_analysis_imp_aw               -     @3416            
        b_imp                uvm_analysis_imp_b                -     @3436            
        item_rtr_port        uvm_analysis_port                 -     @3496            
        item_wtr_port        uvm_analysis_port                 -     @3486            
        r_imp                uvm_analysis_imp_r                -     @3456            
        w_imp                uvm_analysis_imp_w                -     @3426            
        avg_rate             integral                          32    'h0              
        exp_rate             integral                          32    'h0              
        win_size             integral                          32    'h0              
        bqnum_for_slaseq     integral                          32    'h0              
        rq_from_model_num    integral                          32    'h0              
      vsqr                   axi_virtual_sequencer             -     @3515            
        rsp_export           uvm_analysis_export               -     @3524            
        seq_item_export      uvm_seq_item_pull_imp             -     @3642            
        arbitration_queue    array                             0     -                
        lock_queue           array                             0     -                
        num_last_reqs        integral                          32    'd1              
        num_last_rsps        integral                          32    'd1              
      cfg                    axi_cfg                           -     @397             
        has_checker          integral                          1     'h1              
        has_coverage         integral                          1     'h1              
        id_num               integral                          32    'h1              
        reset_level          reset_level_enum                  32    RESET_LEVEL_LOW  
        drv_type             drv_type_enum                     32    SLAVE            
        write_latency_mode   latency_mode_enum                 32    TRANSACTION_FIRST
        read_latency_mode    latency_mode_enum                 32    TRANSACTION_FIRST
        clatency             axi_latency                       -     @434             
          wr_latency         integral                          32    'h0              
          rd_latency         integral                          32    'h0              
    axi_master_sum           uvm_env                           -     @467             
      item_rtr_port          uvm_analysis_port                 -     @486             
      item_wtr_port          uvm_analysis_port                 -     @476             
      monitor                uvm_monitor                       -     @4606            
        item_ar2r_port       uvm_analysis_port                 -     @4675            
        item_ar_port         uvm_analysis_port                 -     @4645            
        item_aw2b_port       uvm_analysis_port                 -     @4665            
        item_aw_port         uvm_analysis_port                 -     @4615            
        item_b_port          uvm_analysis_port                 -     @4635            
        item_r_port          uvm_analysis_port                 -     @4655            
        item_w_port          uvm_analysis_port                 -     @4625            
        checks_enable        integral                          1     'h1              
        coverage_enable      integral                          1     'h1              
      slave                  uvm_agent                         -     @4784            
        ardrv                uvm_driver #(REQ,RSP)             -     @5461            
          item_read_imp      uvm_analysis_port                 -     @5490            
          rsp_port           uvm_analysis_port                 -     @5480            
          seq_item_port      uvm_seq_item_pull_port            -     @5470            
          m_num_sent         integral                          32    'h0              
        arsqr                axi_sequencer                     -     @5500            
          rsp_export         uvm_analysis_export               -     @5509            
          seq_item_export    uvm_seq_item_pull_imp             -     @5627            
          arbitration_queue  array                             0     -                
          lock_queue         array                             0     -                
          num_last_reqs      integral                          32    'd1              
          num_last_rsps      integral                          32    'd1              
        awdrv                uvm_driver #(REQ,RSP)             -     @4933            
          item_read_imp      uvm_analysis_port                 -     @4962            
          rsp_port           uvm_analysis_port                 -     @4952            
          seq_item_port      uvm_seq_item_pull_port            -     @4942            
          m_num_sent         integral                          32    'h0              
        awsqr                axi_sequencer                     -     @4972            
          rsp_export         uvm_analysis_export               -     @4981            
          seq_item_export    uvm_seq_item_pull_imp             -     @5099            
          arbitration_queue  array                             0     -                
          lock_queue         array                             0     -                
          num_last_reqs      integral                          32    'd1              
          num_last_rsps      integral                          32    'd1              
        bdrv                 uvm_driver #(REQ,RSP)             -     @5285            
          item_read_imp      uvm_analysis_port                 -     @5314            
          rsp_port           uvm_analysis_port                 -     @5304            
          seq_item_port      uvm_seq_item_pull_port            -     @5294            
          m_num_sent         integral                          32    'h0              
        bsqr                 axi_sequencer                     -     @5324            
          rsp_export         uvm_analysis_export               -     @5333            
          seq_item_export    uvm_seq_item_pull_imp             -     @5451            
          arbitration_queue  array                             0     -                
          lock_queue         array                             0     -                
          num_last_reqs      integral                          32    'd1              
          num_last_rsps      integral                          32    'd1              
        rdrv                 uvm_driver #(REQ,RSP)             -     @5637            
          item_read_imp      uvm_analysis_port                 -     @5666            
          rsp_port           uvm_analysis_port                 -     @5656            
          seq_item_port      uvm_seq_item_pull_port            -     @5646            
          m_num_sent         integral                          32    'h0              
        rsqr                 axi_sequencer                     -     @5676            
          rsp_export         uvm_analysis_export               -     @5685            
          seq_item_export    uvm_seq_item_pull_imp             -     @5803            
          arbitration_queue  array                             0     -                
          lock_queue         array                             0     -                
          num_last_reqs      integral                          32    'd1              
          num_last_rsps      integral                          32    'd1              
        wdrv                 uvm_driver #(REQ,RSP)             -     @5109            
          item_read_imp      uvm_analysis_port                 -     @5138            
          rsp_port           uvm_analysis_port                 -     @5128            
          seq_item_port      uvm_seq_item_pull_port            -     @5118            
          m_num_sent         integral                          32    'h0              
        wsqr                 axi_sequencer                     -     @5148            
          rsp_export         uvm_analysis_export               -     @5157            
          seq_item_export    uvm_seq_item_pull_imp             -     @5275            
          arbitration_queue  array                             0     -                
          lock_queue         array                             0     -                
          num_last_reqs      integral                          32    'd1              
          num_last_rsps      integral                          32    'd1              
      state                  axi_state                         -     @4685            
        ar2r_imp             uvm_analysis_imp_ar2r             -     @4754            
        ar_imp               uvm_analysis_imp_ar               -     @4724            
        aw2b_imp             uvm_analysis_imp_aw2b             -     @4744            
        aw_imp               uvm_analysis_imp_aw               -     @4694            
        b_imp                uvm_analysis_imp_b                -     @4714            
        item_rtr_port        uvm_analysis_port                 -     @4774            
        item_wtr_port        uvm_analysis_port                 -     @4764            
        r_imp                uvm_analysis_imp_r                -     @4734            
        w_imp                uvm_analysis_imp_w                -     @4704            
        avg_rate             integral                          32    'h0              
        exp_rate             integral                          32    'h0              
        win_size             integral                          32    'h0              
        bqnum_for_slaseq     integral                          32    'h0              
        rq_from_model_num    integral                          32    'h0              
      vsqr                   axi_virtual_sequencer             -     @4793            
        rsp_export           uvm_analysis_export               -     @4802            
        seq_item_export      uvm_seq_item_pull_imp             -     @4920            
        arbitration_queue    array                             0     -                
        lock_queue           array                             0     -                
        num_last_reqs        integral                          32    'd1              
        num_last_rsps        integral                          32    'd1              
      cfg                    axi_cfg                           -     @398             
        has_checker          integral                          1     'h1              
        has_coverage         integral                          1     'h1              
        id_num               integral                          32    'h1              
        reset_level          reset_level_enum                  32    RESET_LEVEL_LOW  
        drv_type             drv_type_enum                     32    SLAVE            
        write_latency_mode   latency_mode_enum                 32    TRANSACTION_FIRST
        read_latency_mode    latency_mode_enum                 32    TRANSACTION_FIRST
        clatency             axi_latency                       -     @465             
          wr_latency         integral                          32    'h0              
          rd_latency         integral                          32    'h0              
    refm                     top_kernel_reference_model        -     @527             
      trans_num_idx          integral                          32    'h0              
    subsys_mon               top_kernel_subsystem_monitor      -     @540             
      a_rtr_imp              uvm_analysis_imp_axi_rtr_a        -     @559             
      a_wtr_imp              uvm_analysis_imp_axi_wtr_a        -     @549             
      b_rtr_imp              uvm_analysis_imp_axi_rtr_b        -     @579             
      b_wtr_imp              uvm_analysis_imp_axi_wtr_b        -     @569             
      control_rtr_imp        uvm_analysis_imp_axi_rtr_control  -     @619             
      control_wtr_imp        uvm_analysis_imp_axi_wtr_control  -     @609             
      scbd                   top_kernel_scoreboard             -     @5886            
        refm                 top_kernel_reference_model        -     @527             
          trans_num_idx      integral                          32    'h0              
      sum_rtr_imp            uvm_analysis_imp_axi_rtr_sum      -     @599             
      sum_wtr_imp            uvm_analysis_imp_axi_wtr_sum      -     @589             
    top_kernel_virtual_sqr   top_kernel_virtual_sequencer      -     @629             
      rsp_export             uvm_analysis_export               -     @638             
      seq_item_export        uvm_seq_item_pull_imp             -     @756             
      arbitration_queue      array                             0     -                
      lock_queue             array                             0     -                
      num_last_reqs          integral                          32    'd1              
      num_last_rsps          integral                          32    'd1              
    refm                     top_kernel_reference_model        -     @527             
    top_kernel_virtual_sqr   top_kernel_virtual_sequencer      -     @629             
    top_kernel_cfg           top_kernel_config                 -     @395             
      a_cfg                  axi_cfg                           -     @396             
        has_checker          integral                          1     'h1              
        has_coverage         integral                          1     'h1              
        id_num               integral                          32    'h1              
        reset_level          reset_level_enum                  32    RESET_LEVEL_LOW  
        drv_type             drv_type_enum                     32    SLAVE            
        write_latency_mode   latency_mode_enum                 32    TRANSACTION_FIRST
        read_latency_mode    latency_mode_enum                 32    TRANSACTION_FIRST
        clatency             axi_latency                       -     @400             
          wr_latency         integral                          32    'h0              
          rd_latency         integral                          32    'h0              
      b_cfg                  axi_cfg                           -     @397             
        has_checker          integral                          1     'h1              
        has_coverage         integral                          1     'h1              
        id_num               integral                          32    'h1              
        reset_level          reset_level_enum                  32    RESET_LEVEL_LOW  
        drv_type             drv_type_enum                     32    SLAVE            
        write_latency_mode   latency_mode_enum                 32    TRANSACTION_FIRST
        read_latency_mode    latency_mode_enum                 32    TRANSACTION_FIRST
        clatency             axi_latency                       -     @434             
          wr_latency         integral                          32    'h0              
          rd_latency         integral                          32    'h0              
      sum_cfg                axi_cfg                           -     @398             
        has_checker          integral                          1     'h1              
        has_coverage         integral                          1     'h1              
        id_num               integral                          32    'h1              
        reset_level          reset_level_enum                  32    RESET_LEVEL_LOW  
        drv_type             drv_type_enum                     32    SLAVE            
        write_latency_mode   latency_mode_enum                 32    TRANSACTION_FIRST
        read_latency_mode    latency_mode_enum                 32    TRANSACTION_FIRST
        clatency             axi_latency                       -     @465             
          wr_latency         integral                          32    'h0              
          rd_latency         integral                          32    'h0              
      control_cfg            axi_cfg                           -     @399             
        has_checker          integral                          1     'h1              
        has_coverage         integral                          1     'h1              
        id_num               integral                          32    'h1              
        reset_level          reset_level_enum                  32    RESET_LEVEL_LOW  
        drv_type             drv_type_enum                     32    MASTER           
        write_latency_mode   latency_mode_enum                 32    CHANNEL_FIRST    
        read_latency_mode    latency_mode_enum                 32    CHANNEL_FIRST    
        clatency             axi_latency                       -     @496             
          wr_latency         integral                          32    'h0              
          rd_latency         integral                          32    'h0              
      check_ena              integral                          32    'h0              
      cover_ena              integral                          32    'h0              
--------------------------------------------------------------------------------------

UVM_INFO /tools/software/xilinx//2025.1.1/Vivado/data/system_verilog/uvm_1.2/xlnx_uvm_package.sv(20867) @ 0: reporter [UVM/COMP/NAMECHECK] This implementation of the component name checks requires DPI to be enabled
////////////////////////////////////////////////////////////////////////////////////
// Inter-Transaction Progress: Completed Transaction / Total Transaction
// Intra-Transaction Progress: Measured Latency / Latency Estimation * 100%
//
// RTL Simulation : "Inter-Transaction Progress" ["Intra-Transaction Progress"] @ "Simulation Time"
////////////////////////////////////////////////////////////////////////////////////
// RTL Simulation : 0 / 1 [0.00%] @ "125000"
// RTL Simulation : 1 / 1 [100.00%] @ "1785000"
////////////////////////////////////////////////////////////////////////////////////
$finish called at time : 1855 ns : File "/tools/software/xilinx//2025.1.1/Vivado/data/system_verilog/uvm_1.2/xlnx_uvm_package.sv" Line 18699
## quit
INFO: xsimkernel Simulation Memory Usage: 510216 KB (Peak: 562680 KB), Simulation CPU Usage: 2230 ms
INFO: [Common 17-206] Exiting xsim at Thu Jan 22 16:05:12 2026...
INFO: [COSIM 212-316] Starting C post checking ...
TEST PASSED
INFO: [COSIM 212-1000] *** C/RTL co-simulation finished: PASS ***
INFO: [COSIM 212-211] II is measurable only when transaction number is greater than 1 in RTL simulation. Otherwise, they will be marked as all NA. If user wants to calculate them, please make sure there are at least 2 transactions in RTL simulation.
INFO: [HLS 200-2161] Finished Command cosim_design Elapsed time: 00:00:59; Allocated memory: 0.000 MB.
INFO: [HLS 200-1510] Running: export_design -format ip_catalog -flow impl 
INFO: [HLS 200-1915] Writing HLS config ini file /nethome/sparakh7/fpga_8893/2026_Spring/lab0/project_1/hls_config.cfg
INFO: [IMPL 213-8] Exporting RTL as a Vivado IP.

****** Vivado v2025.1.1 (64-bit)
  **** SW Build 6233196 on Thu Sep 11 21:27:11 MDT 2025
  **** IP Build 6232796 on Fri Sep 12 01:46:16 MDT 2025
  **** SharedData Build 6233195 on Thu Sep 11 17:56:43 MDT 2025
  **** Start of session at: Thu Jan 22 16:05:24 2026
    ** Copyright 1986-2022 Xilinx, Inc. All Rights Reserved.
    ** Copyright 2022-2025 Advanced Micro Devices, Inc. All Rights Reserved.

source run_ippack.tcl -notrace
INFO: calling package_hls_ip ip_types=vitis sysgen json_file=/nethome/sparakh7/fpga_8893/2026_Spring/lab0/project_1/hls/hls_data.json outdir=/nethome/sparakh7/fpga_8893/2026_Spring/lab0/project_1/hls/impl/ip srcdir=/nethome/sparakh7/fpga_8893/2026_Spring/lab0/project_1/hls ippack_options_dict= ippack_options_dict=
INFO: Copied 1 ipmisc file(s) to /nethome/sparakh7/fpga_8893/2026_Spring/lab0/project_1/hls/impl/ip/misc
INFO: Copied 7 verilog file(s) to /nethome/sparakh7/fpga_8893/2026_Spring/lab0/project_1/hls/impl/ip/hdl/verilog
INFO: Copied 7 vhdl file(s) to /nethome/sparakh7/fpga_8893/2026_Spring/lab0/project_1/hls/impl/ip/hdl/vhdl
INFO: Copied 10 swdriver file(s) to /nethome/sparakh7/fpga_8893/2026_Spring/lab0/project_1/hls/impl/ip/drivers
WARNING: [Common 17-1496] Vivado tclapp support version doesn't have install/uninstall hooks. Please update support using ::tclapp::update_support command.
WARNING: [Common 17-1496] Vivado tclapp support version doesn't have install/uninstall hooks. Please update support using ::tclapp::update_support command.
WARNING: [Common 17-1496] Vivado tclapp support version doesn't have install/uninstall hooks. Please update support using ::tclapp::update_support command.
WARNING: [Common 17-1496] Vivado tclapp support version doesn't have install/uninstall hooks. Please update support using ::tclapp::update_support command.
WARNING: [Common 17-1496] Vivado tclapp support version doesn't have install/uninstall hooks. Please update support using ::tclapp::update_support command.
WARNING: [Common 17-1496] Vivado tclapp support version doesn't have install/uninstall hooks. Please update support using ::tclapp::update_support command.
INFO: Import ports from HDL: /nethome/sparakh7/fpga_8893/2026_Spring/lab0/project_1/hls/impl/ip/hdl/vhdl/top_kernel.vhd (top_kernel)
INFO: Add axi4lite interface s_axi_control
INFO: Add clock interface ap_clk
INFO: Add reset interface ap_rst_n
INFO: Add interrupt interface interrupt
INFO: [IP_Flow 19-234] Refreshing IP repositories
INFO: [IP_Flow 19-1704] No user IP repositories specified
INFO: [IP_Flow 19-2313] Loaded Vivado IP repository '/tools/software/xilinx/2025.1.1/data/ip'.
INFO: Add axi4full interface m_axi_a
INFO: Add axi4full interface m_axi_b
INFO: Add axi4full interface m_axi_sum
INFO: Calling post_process_vitis to specialize IP
INFO: Calling post_process_sysgen to specialize IP
Generating sysgen info xml from json file
INFO: Created IP /nethome/sparakh7/fpga_8893/2026_Spring/lab0/project_1/hls/impl/ip/component.xml
INFO: Created IP archive /nethome/sparakh7/fpga_8893/2026_Spring/lab0/project_1/hls/impl/ip/xilinx_com_hls_top_kernel_1_0.zip
INFO: [Common 17-206] Exiting Vivado at Thu Jan 22 16:05:36 2026...
INFO: [IMPL 213-8] Starting RTL evaluation using Vivado ...

****** Vivado v2025.1.1 (64-bit)
  **** SW Build 6233196 on Thu Sep 11 21:27:11 MDT 2025
  **** IP Build 6232796 on Fri Sep 12 01:46:16 MDT 2025
  **** SharedData Build 6233195 on Thu Sep 11 17:56:43 MDT 2025
  **** Start of session at: Thu Jan 22 16:05:59 2026
    ** Copyright 1986-2022 Xilinx, Inc. All Rights Reserved.
    ** Copyright 2022-2025 Advanced Micro Devices, Inc. All Rights Reserved.

source run_vivado.tcl
# source ./settings.tcl
## set top_module top_kernel
## set language verilog
## set family zynquplus
## set device xczu3eg
## set package -sbva484
## set speed -1-e
## set clock ap_clk
## set fsm_ext "off"
## set add_io_buffers false 
# source -notrace ./extraction.tcl
# set vivado_proj_name project
# set vivado_proj_dir .
# set target_device "${device}${package}${speed}"
# set target_clk_period_ns "10.000"
# set target_clk_freq_hz [expr {floor(1000 / $target_clk_period_ns) * 1000000}]
# set other_clks_freq_hz {}
# set ip_vlnv xilinx.com:hls:top_kernel:1.0
# set ip_repo_path ../ip
# set bd_design_name bd_0
# set bd_inst_name hls_inst
# set bd_props {}
# set has_synth true
# set synth_design_args {-directive sdx_optimization_effort_high}
# set synth_dcp ""
# set synth_props {}
# set has_impl 1
# set impl_props {}
# set has_subcore 0
# set report_options [dict create]
# dict set report_options report_level 2
# dict set report_options report_max_paths 10
# dict set report_options stdout_hls_reports 1
# dict set report_options stdout_vivado_reports 0
# dict set report_options hls_project project_1
# dict set report_options hls_solution hls
# dict set report_options has_synth $has_synth
# dict set report_options has_impl $has_impl
# dict set report_options vivado_reportbasename $top_module
# dict set report_options vivado_reportdir ./report
# dict set report_options hls_impl_dir ..
# dict set report_options hls_reportdir ../report/$language
# dict set report_options target_clk_period $target_clk_period_ns
# dict set report_options target_device $target_device
# dict set report_options language $language
# dict set report_options clock_name $clock
# dict set report_options error_if_impl_timing_fails false
# dict set report_options topmodule "top_kernel"
# dict set report_options funcmodules {}
# dict set report_options bindmodules {top_kernel_mul_32s_32s_32_1_1 top_kernel_a_m_axi top_kernel_b_m_axi top_kernel_sum_m_axi top_kernel_control_s_axi top_kernel_flow_control_loop_pipe}
# dict set report_options max_module_depth 5
# create_project $vivado_proj_name $vivado_proj_dir -part $target_device -force
# set_property target_language $language [current_project]
# if { ![file exists $ip_repo_path] } {
#   error "Cannot find packaged HLS IP"
# }
# set_property ip_repo_paths [file normalize $ip_repo_path] [current_project]
# update_ip_catalog
INFO: [IP_Flow 19-234] Refreshing IP repositories
INFO: [IP_Flow 19-1700] Loaded user IP repository '/nethome/sparakh7/fpga_8893/2026_Spring/lab0/project_1/hls/impl/ip'.
INFO: [IP_Flow 19-2313] Loaded Vivado IP repository '/tools/software/xilinx/2025.1.1/data/ip'.
# create_bd_design bd_0
Wrote  : </nethome/sparakh7/fpga_8893/2026_Spring/lab0/project_1/hls/impl/verilog/project.srcs/sources_1/bd/bd_0/bd_0.bd> 
# set cell_inst [create_bd_cell -type ip -vlnv $ip_vlnv $bd_inst_name]
# if { [llength $bd_props] } { 
#   set_property -dict $bd_props $cell_inst 
# }
# make_bd_pins_external $cell_inst
# make_bd_intf_pins_external $cell_inst
# set bd_clk_ports [get_bd_ports -filter {TYPE==clk}]
# if { $target_clk_freq_hz ne "" } { 
#   foreach bd_clk_port $bd_clk_ports {
#     # Remove "_0" suffix from BD ports & interfaces so they match IP ports 
#     set clk_name [regsub {_0$} [get_property name $bd_clk_port] {}]
#     set port_freq_hz $target_clk_freq_hz
#     if { [dict exists $other_clks_freq_hz $clk_name] } {
#         set port_freq_hz [dict get $other_clks_freq_hz $clk_name]
#     }
#     set_property CONFIG.FREQ_HZ $port_freq_hz $bd_clk_port
#   }
# }
# foreach bd_port [get_bd_intf_ports] {
#   set_property name [regsub {_0$} [get_property name $bd_port] {}] $bd_port
# }
# foreach bd_port [get_bd_ports -filter {INTF!=TRUE}] {
#   set_property name [regsub {_0$} [get_property name $bd_port] {}] $bd_port
# }
# set s_axi_addr_width_min 32
# foreach bd_port [get_bd_intf_ports -filter {MODE == "Slave" && VLNV =~ "xilinx.com:interface:aximm_rtl:*"}] {
#   set bd_port_addr_width [get_property CONFIG.ADDR_WIDTH $bd_port]
#   if { $bd_port_addr_width < $s_axi_addr_width_min } {
#     puts "INFO: Updating $bd_port CONFIG.ADDR_WIDTH to $s_axi_addr_width_min"
#     set_property CONFIG.ADDR_WIDTH $s_axi_addr_width_min $bd_port
#   }
# }
INFO: Updating /s_axi_control CONFIG.ADDR_WIDTH to 32
# set_msg_config -id {[BD 41-1265]} -severity {CRITICAL WARNING} -new_severity {INFO}
# assign_bd_address
INFO: [BD 41-3093] Triggering Legacy Auto Assign Algorithm
Slave segment '/hls_inst/s_axi_control/Reg' is being assigned into address space '/s_axi_control' at <0x0000_0000 [ 64K ]>.
Slave segment '/m_axi_a/Reg' is being assigned into address space '/hls_inst/Data_m_axi_a' at <0x44A0_0000 [ 64K ]>.
Slave segment '/m_axi_b/Reg' is being assigned into address space '/hls_inst/Data_m_axi_b' at <0x44A0_0000 [ 64K ]>.
Slave segment '/m_axi_sum/Reg' is being assigned into address space '/hls_inst/Data_m_axi_sum' at <0x44A0_0000 [ 64K ]>.
Wrote  : </nethome/sparakh7/fpga_8893/2026_Spring/lab0/project_1/hls/impl/verilog/project.srcs/sources_1/bd/bd_0/bd_0.bd> 
Verilog Output written to : /nethome/sparakh7/fpga_8893/2026_Spring/lab0/project_1/hls/impl/verilog/project.gen/sources_1/bd/bd_0/synth/bd_0.v
Verilog Output written to : /nethome/sparakh7/fpga_8893/2026_Spring/lab0/project_1/hls/impl/verilog/project.gen/sources_1/bd/bd_0/sim/bd_0.v
Verilog Output written to : /nethome/sparakh7/fpga_8893/2026_Spring/lab0/project_1/hls/impl/verilog/project.gen/sources_1/bd/bd_0/hdl/bd_0_wrapper.v
# set toprtl [make_wrapper -files [get_files ${bd_design_name}.bd] -top]
# add_files -norecurse $toprtl
# set top_inst_name [file root [file tail $toprtl]]
# puts "Using BD top: $top_inst_name"
Using BD top: bd_0_wrapper
# set xdc_files [glob -nocomplain ./*.xdc]
# if { [llength $xdc_files] } {
#     add_files -fileset constrs_1 -norecurse $xdc_files
# }
# launch_runs synth_1 -scripts_only
INFO: [BD 41-1662] The design 'bd_0.bd' is already validated. Therefore parameter propagation will not be re-run.
Verilog Output written to : /nethome/sparakh7/fpga_8893/2026_Spring/lab0/project_1/hls/impl/verilog/project.gen/sources_1/bd/bd_0/synth/bd_0.v
Verilog Output written to : /nethome/sparakh7/fpga_8893/2026_Spring/lab0/project_1/hls/impl/verilog/project.gen/sources_1/bd/bd_0/sim/bd_0.v
Verilog Output written to : /nethome/sparakh7/fpga_8893/2026_Spring/lab0/project_1/hls/impl/verilog/project.gen/sources_1/bd/bd_0/hdl/bd_0_wrapper.v
INFO: [BD 41-1029] Generation completed for the IP Integrator block hls_inst .
Exporting to file /nethome/sparakh7/fpga_8893/2026_Spring/lab0/project_1/hls/impl/verilog/project.gen/sources_1/bd/bd_0/hw_handoff/bd_0.hwh
Generated Hardware Definition File /nethome/sparakh7/fpga_8893/2026_Spring/lab0/project_1/hls/impl/verilog/project.gen/sources_1/bd/bd_0/synth/bd_0.hwdef
WARNING: [Vivado 12-7122] Auto Incremental Compile:: No reference checkpoint was found in run synth_1. Auto-incremental flow will not be run, the standard flow will be run instead.
launch_runs: Time (s): cpu = 00:00:09 ; elapsed = 00:00:09 . Memory (MB): peak = 0.000 ; gain = 0.000 ; free physical = 83567 ; free virtual = 207580
# foreach run [get_runs -filter {IS_SYNTHESIS == 1}] {
#   reset_run [get_runs $run]
# }
# set_property XPM_LIBRARIES {XPM_MEMORY XPM_FIFO} [current_project]
# hls_vivado_reports_setup $report_options
TIMESTAMP: HLS-REPORT: initialize report directories: 2026-01-22 16:06:23 EST
# if { $has_subcore } { report_ip_status }
# if { $has_synth || $has_impl } {
#   # synth properties setting
#   set_property -name {STEPS.SYNTH_DESIGN.ARGS.MORE OPTIONS} -value {-mode out_of_context} -objects [get_runs synth_1]
#   set ip_inst [get_ips -quiet ${bd_design_name}*${bd_inst_name}*]
#   if { ![llength $ip_inst] } {
#       error "Cannot find HLS IP instance: ${bd_design_name}*${bd_inst_name}*"
#   }
#   set synth_run [get_runs -filter {IS_SYNTHESIS == 1} ${ip_inst}*]
#   if { ![llength $synth_run] } {
#       error "Cannot find synth run for HLS IP: ${ip_inst}*"
#   }
# 
#   if { [llength $synth_design_args] } {
#       set_property -name {STEPS.SYNTH_DESIGN.ARGS.MORE OPTIONS} -value $synth_design_args -objects $synth_run
#   }
# 
#   if { [llength $synth_props] } {
#     set_property -dict $synth_props $synth_run
#   }
# 
#   # launch run synth
#   launch_runs synth_1
#   wait_on_run synth_1
#   # synth reports
#   hls_vivado_reports_synth synth_1 $report_options
#   if { $synth_dcp ne "" } {
#     file mkdir [file dirname $synth_dcp]
#     set run_dcp [glob -nocomplain [get_property DIRECTORY $synth_run]/*.dcp]
#     if { [llength $run_dcp] != 1 } { error "Cannot find single dcp file for run $synth_run" }
#     file copy -force $run_dcp $synth_dcp
#   }
# }
WARNING: [Vivado 12-7122] Auto Incremental Compile:: No reference checkpoint was found in run synth_1. Auto-incremental flow will not be run, the standard flow will be run instead.
[Thu Jan 22 16:06:23 2026] Launched bd_0_hls_inst_0_synth_1...
Run output will be captured here: /nethome/sparakh7/fpga_8893/2026_Spring/lab0/project_1/hls/impl/verilog/project.runs/bd_0_hls_inst_0_synth_1/runme.log
[Thu Jan 22 16:06:23 2026] Launched synth_1...
Run output will be captured here: /nethome/sparakh7/fpga_8893/2026_Spring/lab0/project_1/hls/impl/verilog/project.runs/synth_1/runme.log
[Thu Jan 22 16:06:23 2026] Waiting for synth_1 to finish...

*** Running vivado
    with args -log bd_0_wrapper.vds -m64 -product Vivado -mode batch -messageDb vivado.pb -notrace -source bd_0_wrapper.tcl


****** Vivado v2025.1.1 (64-bit)
  **** SW Build 6233196 on Thu Sep 11 21:27:11 MDT 2025
  **** IP Build 6232796 on Fri Sep 12 01:46:16 MDT 2025
  **** SharedData Build 6233195 on Thu Sep 11 17:56:43 MDT 2025
  **** Start of session at: Thu Jan 22 16:08:34 2026
    ** Copyright 1986-2022 Xilinx, Inc. All Rights Reserved.
    ** Copyright 2022-2025 Advanced Micro Devices, Inc. All Rights Reserved.

source bd_0_wrapper.tcl -notrace
INFO: Dispatch client connection id - 46507
INFO: [IP_Flow 19-234] Refreshing IP repositories
INFO: [IP_Flow 19-1700] Loaded user IP repository '/nethome/sparakh7/fpga_8893/2026_Spring/lab0/project_1/hls/impl/ip'.
INFO: [IP_Flow 19-2313] Loaded Vivado IP repository '/tools/software/xilinx/2025.1.1/data/ip'.
Command: synth_design -top bd_0_wrapper -part xczu3eg-sbva484-1-e -mode out_of_context
Starting synth_design
Attempting to get a license for feature 'Synthesis' and/or device 'xczu3eg'
INFO: [Common 17-349] Got license for feature 'Synthesis' and/or device 'xczu3eg'
INFO: [Device 21-403] Loading part xczu3eg-sbva484-1-e
INFO: [Synth 8-7079] Multithreading enabled for synth_design using a maximum of 7 processes.
INFO: [Synth 8-7078] Launching helper process for spawning children vivado processes
INFO: [Synth 8-7075] Helper process launched with PID 2893722
---------------------------------------------------------------------------------
Starting RTL Elaboration : Time (s): cpu = 00:00:06 ; elapsed = 00:00:07 . Memory (MB): peak = 0.000 ; gain = 0.000 ; free physical = 79420 ; free virtual = 203799
---------------------------------------------------------------------------------
INFO: [Synth 8-6157] synthesizing module 'bd_0_wrapper' [/nethome/sparakh7/fpga_8893/2026_Spring/lab0/project_1/hls/impl/verilog/project.gen/sources_1/bd/bd_0/hdl/bd_0_wrapper.v:13]
INFO: [Synth 8-6157] synthesizing module 'bd_0' [/nethome/sparakh7/fpga_8893/2026_Spring/lab0/project_1/hls/impl/verilog/project.gen/sources_1/bd/bd_0/synth/bd_0.v:13]
INFO: [Synth 8-6157] synthesizing module 'bd_0_hls_inst_0' [/nethome/sparakh7/fpga_8893/2026_Spring/lab0/project_1/hls/impl/verilog/project.runs/synth_1/.Xil/Vivado-2871714-ece-linlabsrv01/realtime/bd_0_hls_inst_0_stub.v:6]
INFO: [Synth 8-6155] done synthesizing module 'bd_0_hls_inst_0' (0#1) [/nethome/sparakh7/fpga_8893/2026_Spring/lab0/project_1/hls/impl/verilog/project.runs/synth_1/.Xil/Vivado-2871714-ece-linlabsrv01/realtime/bd_0_hls_inst_0_stub.v:6]
INFO: [Synth 8-6155] done synthesizing module 'bd_0' (0#1) [/nethome/sparakh7/fpga_8893/2026_Spring/lab0/project_1/hls/impl/verilog/project.gen/sources_1/bd/bd_0/synth/bd_0.v:13]
INFO: [Synth 8-6155] done synthesizing module 'bd_0_wrapper' (0#1) [/nethome/sparakh7/fpga_8893/2026_Spring/lab0/project_1/hls/impl/verilog/project.gen/sources_1/bd/bd_0/hdl/bd_0_wrapper.v:13]
---------------------------------------------------------------------------------
Finished RTL Elaboration : Time (s): cpu = 00:00:09 ; elapsed = 00:00:09 . Memory (MB): peak = 0.000 ; gain = 0.000 ; free physical = 78952 ; free virtual = 203343
---------------------------------------------------------------------------------
---------------------------------------------------------------------------------
Start Handling Custom Attributes
---------------------------------------------------------------------------------
---------------------------------------------------------------------------------
Finished Handling Custom Attributes : Time (s): cpu = 00:00:09 ; elapsed = 00:00:09 . Memory (MB): peak = 0.000 ; gain = 0.000 ; free physical = 78939 ; free virtual = 203331
---------------------------------------------------------------------------------
---------------------------------------------------------------------------------
Finished RTL Optimization Phase 1 : Time (s): cpu = 00:00:09 ; elapsed = 00:00:09 . Memory (MB): peak = 0.000 ; gain = 0.000 ; free physical = 78938 ; free virtual = 203330
---------------------------------------------------------------------------------
Netlist sorting complete. Time (s): cpu = 00:00:00.01 ; elapsed = 00:00:00.01 . Memory (MB): peak = 0.000 ; gain = 0.000 ; free physical = 78937 ; free virtual = 203330
INFO: [Project 1-570] Preparing netlist for logic optimization

Processing XDC Constraints
Initializing timing engine
Parsing XDC File [/nethome/sparakh7/fpga_8893/2026_Spring/lab0/project_1/hls/impl/verilog/project.gen/sources_1/bd/bd_0/ip/bd_0_hls_inst_0/bd_0_hls_inst_0/bd_0_hls_inst_0_in_context.xdc] for cell 'bd_0_i/hls_inst'
Finished Parsing XDC File [/nethome/sparakh7/fpga_8893/2026_Spring/lab0/project_1/hls/impl/verilog/project.gen/sources_1/bd/bd_0/ip/bd_0_hls_inst_0/bd_0_hls_inst_0/bd_0_hls_inst_0_in_context.xdc] for cell 'bd_0_i/hls_inst'
Parsing XDC File [/nethome/sparakh7/fpga_8893/2026_Spring/lab0/project_1/hls/impl/verilog/top_kernel.xdc]
create_clock: Time (s): cpu = 00:00:07 ; elapsed = 00:00:07 . Memory (MB): peak = 0.000 ; gain = 0.000 ; free physical = 78734 ; free virtual = 203188
Finished Parsing XDC File [/nethome/sparakh7/fpga_8893/2026_Spring/lab0/project_1/hls/impl/verilog/top_kernel.xdc]
Parsing XDC File [/nethome/sparakh7/fpga_8893/2026_Spring/lab0/project_1/hls/impl/verilog/project.runs/synth_1/dont_touch.xdc]
Finished Parsing XDC File [/nethome/sparakh7/fpga_8893/2026_Spring/lab0/project_1/hls/impl/verilog/project.runs/synth_1/dont_touch.xdc]
Completed Processing XDC Constraints

Netlist sorting complete. Time (s): cpu = 00:00:00 ; elapsed = 00:00:00 . Memory (MB): peak = 0.000 ; gain = 0.000 ; free physical = 78734 ; free virtual = 203187
INFO: [Project 1-111] Unisim Transformation Summary:
No Unisim elements were transformed.

Constraint Validation Runtime : Time (s): cpu = 00:00:00.06 ; elapsed = 00:00:00.05 . Memory (MB): peak = 0.000 ; gain = 0.000 ; free physical = 78675 ; free virtual = 203130
---------------------------------------------------------------------------------
Finished Constraint Validation : Time (s): cpu = 00:00:26 ; elapsed = 00:00:27 . Memory (MB): peak = 0.000 ; gain = 0.000 ; free physical = 78332 ; free virtual = 202884
---------------------------------------------------------------------------------
---------------------------------------------------------------------------------
Start Loading Part and Timing Information
---------------------------------------------------------------------------------
Loading part: xczu3eg-sbva484-1-e
INFO: [Synth 8-6742] Reading net delay rules and data
---------------------------------------------------------------------------------
Finished Loading Part and Timing Information : Time (s): cpu = 00:00:26 ; elapsed = 00:00:27 . Memory (MB): peak = 0.000 ; gain = 0.000 ; free physical = 78331 ; free virtual = 202883
---------------------------------------------------------------------------------
---------------------------------------------------------------------------------
Start Applying 'set_property' XDC Constraints
---------------------------------------------------------------------------------
---------------------------------------------------------------------------------
Finished applying 'set_property' XDC Constraints : Time (s): cpu = 00:00:26 ; elapsed = 00:00:27 . Memory (MB): peak = 0.000 ; gain = 0.000 ; free physical = 78329 ; free virtual = 202881
---------------------------------------------------------------------------------
---------------------------------------------------------------------------------
Finished RTL Optimization Phase 2 : Time (s): cpu = 00:00:26 ; elapsed = 00:00:27 . Memory (MB): peak = 0.000 ; gain = 0.000 ; free physical = 78322 ; free virtual = 202876
---------------------------------------------------------------------------------
---------------------------------------------------------------------------------
Start RTL Component Statistics 
---------------------------------------------------------------------------------
Detailed RTL Component Info : 
---------------------------------------------------------------------------------
Finished RTL Component Statistics 
---------------------------------------------------------------------------------
---------------------------------------------------------------------------------
Start Part Resource Summary
---------------------------------------------------------------------------------
Part Resources:
DSPs: 360 (col length:72)
BRAMs: 432 (col length: RAMB18 72 RAMB36 36)
---------------------------------------------------------------------------------
Finished Part Resource Summary
---------------------------------------------------------------------------------
---------------------------------------------------------------------------------
Start Cross Boundary and Area Optimization
---------------------------------------------------------------------------------
WARNING: [Synth 8-7080] Parallel synthesis criteria is not met
---------------------------------------------------------------------------------
Finished Cross Boundary and Area Optimization : Time (s): cpu = 00:00:29 ; elapsed = 00:00:30 . Memory (MB): peak = 0.000 ; gain = 0.000 ; free physical = 78305 ; free virtual = 202864
---------------------------------------------------------------------------------
---------------------------------------------------------------------------------
Start Applying XDC Timing Constraints
---------------------------------------------------------------------------------
---------------------------------------------------------------------------------
Finished Applying XDC Timing Constraints : Time (s): cpu = 00:00:43 ; elapsed = 00:00:45 . Memory (MB): peak = 0.000 ; gain = 0.000 ; free physical = 80940 ; free virtual = 205494
---------------------------------------------------------------------------------
---------------------------------------------------------------------------------
Start Timing Optimization
---------------------------------------------------------------------------------
---------------------------------------------------------------------------------
Finished Timing Optimization : Time (s): cpu = 00:00:43 ; elapsed = 00:00:45 . Memory (MB): peak = 0.000 ; gain = 0.000 ; free physical = 80941 ; free virtual = 205495
---------------------------------------------------------------------------------
---------------------------------------------------------------------------------
Start Technology Mapping
---------------------------------------------------------------------------------
---------------------------------------------------------------------------------
Finished Technology Mapping : Time (s): cpu = 00:00:43 ; elapsed = 00:00:45 . Memory (MB): peak = 0.000 ; gain = 0.000 ; free physical = 80974 ; free virtual = 205529
---------------------------------------------------------------------------------
---------------------------------------------------------------------------------
Start IO Insertion
---------------------------------------------------------------------------------
---------------------------------------------------------------------------------
Start Flattening Before IO Insertion
---------------------------------------------------------------------------------
---------------------------------------------------------------------------------
Finished Flattening Before IO Insertion
---------------------------------------------------------------------------------
---------------------------------------------------------------------------------
Start Final Netlist Cleanup
---------------------------------------------------------------------------------
---------------------------------------------------------------------------------
Finished Final Netlist Cleanup
---------------------------------------------------------------------------------
---------------------------------------------------------------------------------
Finished IO Insertion : Time (s): cpu = 00:00:49 ; elapsed = 00:00:51 . Memory (MB): peak = 0.000 ; gain = 0.000 ; free physical = 80465 ; free virtual = 205060
---------------------------------------------------------------------------------
---------------------------------------------------------------------------------
Start Renaming Generated Instances
---------------------------------------------------------------------------------
---------------------------------------------------------------------------------
Finished Renaming Generated Instances : Time (s): cpu = 00:00:49 ; elapsed = 00:00:51 . Memory (MB): peak = 0.000 ; gain = 0.000 ; free physical = 80465 ; free virtual = 205060
---------------------------------------------------------------------------------
---------------------------------------------------------------------------------
Start Rebuilding User Hierarchy
---------------------------------------------------------------------------------
---------------------------------------------------------------------------------
Finished Rebuilding User Hierarchy : Time (s): cpu = 00:00:49 ; elapsed = 00:00:51 . Memory (MB): peak = 0.000 ; gain = 0.000 ; free physical = 80465 ; free virtual = 205060
---------------------------------------------------------------------------------
---------------------------------------------------------------------------------
Start Renaming Generated Ports
---------------------------------------------------------------------------------
---------------------------------------------------------------------------------
Finished Renaming Generated Ports : Time (s): cpu = 00:00:49 ; elapsed = 00:00:51 . Memory (MB): peak = 0.000 ; gain = 0.000 ; free physical = 80465 ; free virtual = 205060
---------------------------------------------------------------------------------
---------------------------------------------------------------------------------
Start Handling Custom Attributes
---------------------------------------------------------------------------------
---------------------------------------------------------------------------------
Finished Handling Custom Attributes : Time (s): cpu = 00:00:49 ; elapsed = 00:00:51 . Memory (MB): peak = 0.000 ; gain = 0.000 ; free physical = 80465 ; free virtual = 205060
---------------------------------------------------------------------------------
---------------------------------------------------------------------------------
Start Renaming Generated Nets
---------------------------------------------------------------------------------
---------------------------------------------------------------------------------
Finished Renaming Generated Nets : Time (s): cpu = 00:00:49 ; elapsed = 00:00:51 . Memory (MB): peak = 0.000 ; gain = 0.000 ; free physical = 80465 ; free virtual = 205060
---------------------------------------------------------------------------------
---------------------------------------------------------------------------------
Start Writing Synthesis Report
---------------------------------------------------------------------------------

Report BlackBoxes: 
+------+----------------+----------+
|      |BlackBox name   |Instances |
+------+----------------+----------+
|1     |bd_0_hls_inst_0 |         1|
+------+----------------+----------+

Report Cell Usage: 
+------+--------------+------+
|      |Cell          |Count |
+------+--------------+------+
|1     |bd_0_hls_inst |     1|
+------+--------------+------+
---------------------------------------------------------------------------------
Finished Writing Synthesis Report : Time (s): cpu = 00:00:49 ; elapsed = 00:00:51 . Memory (MB): peak = 0.000 ; gain = 0.000 ; free physical = 80465 ; free virtual = 205060
---------------------------------------------------------------------------------
Synthesis finished with 0 errors, 0 critical warnings and 1 warnings.
Synthesis Optimization Runtime : Time (s): cpu = 00:00:40 ; elapsed = 00:00:42 . Memory (MB): peak = 0.000 ; gain = 0.000 ; free physical = 80424 ; free virtual = 205022
Synthesis Optimization Complete : Time (s): cpu = 00:00:49 ; elapsed = 00:00:52 . Memory (MB): peak = 0.000 ; gain = 0.000 ; free physical = 80427 ; free virtual = 205024
INFO: [Project 1-571] Translating synthesized netlist
Netlist sorting complete. Time (s): cpu = 00:00:00.01 ; elapsed = 00:00:00.01 . Memory (MB): peak = 0.000 ; gain = 0.000 ; free physical = 80412 ; free virtual = 205010
INFO: [Project 1-570] Preparing netlist for logic optimization
INFO: [Opt 31-138] Pushed 0 inverter(s) to 0 load pin(s).
Netlist sorting complete. Time (s): cpu = 00:00:00 ; elapsed = 00:00:00 . Memory (MB): peak = 0.000 ; gain = 0.000 ; free physical = 80300 ; free virtual = 204913
INFO: [Project 1-111] Unisim Transformation Summary:
No Unisim elements were transformed.

Synth Design complete | Checksum: 564c2d4e
INFO: [Common 17-83] Releasing license: Synthesis
22 Infos, 1 Warnings, 0 Critical Warnings and 0 Errors encountered.
synth_design completed successfully
synth_design: Time (s): cpu = 00:01:06 ; elapsed = 00:01:06 . Memory (MB): peak = 0.000 ; gain = 0.000 ; free physical = 80272 ; free virtual = 204888
INFO: [Common 17-2834] synth_design peak Physical Memory [PSS] (MB): overall = 2736.733; main = 2525.698; forked = 214.242
INFO: [Common 17-2834] synth_design peak Virtual Memory [VSS] (MB): overall = 5442.840; main = 3844.605; forked = 1598.234
INFO: [Common 17-1381] The checkpoint '/nethome/sparakh7/fpga_8893/2026_Spring/lab0/project_1/hls/impl/verilog/project.runs/synth_1/bd_0_wrapper.dcp' has been generated.
INFO: [Vivado 12-24828] Executing command : report_utilization -file bd_0_wrapper_utilization_synth.rpt -pb bd_0_wrapper_utilization_synth.pb
INFO: [Common 17-206] Exiting Vivado at Thu Jan 22 16:09:54 2026...
[Thu Jan 22 16:10:14 2026] synth_1 finished
wait_on_runs: Time (s): cpu = 00:03:25 ; elapsed = 00:03:51 . Memory (MB): peak = 0.000 ; gain = 0.000 ; free physical = 80968 ; free virtual = 205715
TIMESTAMP: HLS-REPORT: synthesis open_run: 2026-01-22 16:10:14 EST
INFO: HLS-REPORT: Opening synthesis design database: open_run synth_1
Design is defaulting to impl run constrset: constrs_1
Design is defaulting to synth run part: xczu3eg-sbva484-1-e
INFO: [Device 21-403] Loading part xczu3eg-sbva484-1-e
INFO: [Project 1-5699] Read binary netlist with skipMacroContent - 1
INFO: [Project 1-454] Reading design checkpoint '/nethome/sparakh7/fpga_8893/2026_Spring/lab0/project_1/hls/impl/verilog/project.gen/sources_1/bd/bd_0/ip/bd_0_hls_inst_0/bd_0_hls_inst_0.dcp' for cell 'bd_0_i/hls_inst'
Netlist sorting complete. Time (s): cpu = 00:00:00.06 ; elapsed = 00:00:00.06 . Memory (MB): peak = 0.000 ; gain = 0.000 ; free physical = 80031 ; free virtual = 204806
INFO: [Netlist 29-17] Analyzing 85 Unisim elements for replacement
INFO: [Netlist 29-28] Unisim Transformation completed in 0 CPU seconds
INFO: [Project 1-479] Netlist was created with Vivado 2025.1.1
INFO: [Project 1-570] Preparing netlist for logic optimization
Parsing XDC File [/nethome/sparakh7/fpga_8893/2026_Spring/lab0/project_1/hls/impl/verilog/top_kernel.xdc]
create_clock: Time (s): cpu = 00:00:06 ; elapsed = 00:00:07 . Memory (MB): peak = 0.000 ; gain = 0.000 ; free physical = 80406 ; free virtual = 205173
Finished Parsing XDC File [/nethome/sparakh7/fpga_8893/2026_Spring/lab0/project_1/hls/impl/verilog/top_kernel.xdc]
INFO: [Opt 31-138] Pushed 0 inverter(s) to 0 load pin(s).
Netlist sorting complete. Time (s): cpu = 00:00:00 ; elapsed = 00:00:00 . Memory (MB): peak = 0.000 ; gain = 0.000 ; free physical = 84494 ; free virtual = 209246
INFO: [Project 1-111] Unisim Transformation Summary:
  A total of 3 instances were transformed.
  DSP48E2 => DSP48E2 (DSP_ALU, DSP_A_B_DATA, DSP_C_DATA, DSP_MULTIPLIER, DSP_M_DATA, DSP_OUTPUT, DSP_PREADD, DSP_PREADD_DATA): 3 instances

open_run: Time (s): cpu = 00:00:27 ; elapsed = 00:00:28 . Memory (MB): peak = 0.000 ; gain = 0.000 ; free physical = 84488 ; free virtual = 209240
TIMESTAMP: HLS-REPORT: synthesis generate_reports_vivado: 2026-01-22 16:10:42 EST
INFO: HLS-REPORT: Running report: report_utilization -file ./report/top_kernel_utilization_synth.rpt
INFO: HLS-REPORT: Running report: report_utilization -hierarchical -hierarchical_depth 5 -file ./report/top_kernel_utilization_hierarchical_synth.rpt
INFO: HLS-REPORT: Running report: report_timing_summary -file ./report/top_kernel_timing_synth.rpt
INFO: [Timing 38-35] Done setting XDC timing constraints.
INFO: [Timing 38-91] UpdateTimingParams: Speed grade: -1, Temperature grade: E, Delay Type: min_max.
INFO: [Timing 38-191] Multithreading enabled for timing update using a maximum of 8 CPUs
WARNING: [Timing 38-242] The property HD.CLK_SRC of clock port "ap_clk" is not set. In out-of-context mode, this prevents timing estimation for clock delay/skew
Resolution: Set the HD.CLK_SRC property of the out-of-context port to the location of the clock buffer instance in the top-level design
report_timing_summary: Time (s): cpu = 00:00:27 ; elapsed = 00:00:27 . Memory (MB): peak = 0.000 ; gain = 0.000 ; free physical = 84729 ; free virtual = 208884
INFO: HLS-REPORT: Running report: report_power -file ./report/top_kernel_power_synth.rpt -xpe ./top_kernel_power.xpe
Command: report_power -file ./report/top_kernel_power_synth.rpt -xpe ./top_kernel_power.xpe
Running Vector-less Activity Propagation...

Finished Running Vector-less Activity Propagation
12 Infos, 2 Warnings, 0 Critical Warnings and 0 Errors encountered.
report_power completed successfully
INFO: HLS-REPORT: Running report: report_timing -max_paths 10 -file ./report/top_kernel_timing_paths_synth.rpt
INFO: [Timing 38-91] UpdateTimingParams: Speed grade: -1, Temperature grade: E, Delay Type: max.
INFO: [Timing 38-191] Multithreading enabled for timing update using a maximum of 8 CPUs
INFO: [Timing 38-78] ReportTimingParams: -max_paths 10 -nworst 1 -delay_type max -sort_by slack.
INFO: HLS-REPORT: Running report: report_design_analysis -file ./report/top_kernel_design_analysis_synth.rpt
INFO: [Implflow 30-839]  
INFO: HLS-REPORT: Running report: ::tclapp::xilinx::designutils::report_failfast -detailed_report synth -file ./report/top_kernel_failfast_synth.rpt
 -I- design metrics completed in 0 seconds
 -I- DONT_TOUCH metric completed in 0 seconds
 -I- MARK_DEBUG metric completed in 1 seconds
 -I- utilization metrics completed in 1 seconds
 -I- control set metrics completed in 1 seconds
 -I- methodology check metrics completed in 0 seconds
 -I- average fanout metrics completed in 1 seconds (0 modules)
 -I- non-FD high fanout nets completed in 0 seconds
 -I- path budgeting metrics completed in 1 seconds
#  +-----------------------------------------------------------------------------------------+
#  | Design Summary                                                                          |
#  | design_1                                                                                |
#  | xczu3eg-sbva484-1-e                                                                     |
#  +-----------------------------------------------------------+-----------+--------+--------+
#  | Criteria                                                  | Guideline | Actual | Status |
#  +-----------------------------------------------------------+-----------+--------+--------+
#  | LUT                                                       | 70%       | 2.97%  | OK     |
#  | FD                                                        | 50%       | 2.14%  | OK     |
#  | LUTRAM+SRL                                                | 25%       | 1.27%  | OK     |
#  | CARRY8                                                    | 25%       | 0.93%  | OK     |
#  | MUXF7                                                     | 15%       | 0.00%  | OK     |
#  | DSP                                                       | 80%       | 0.83%  | OK     |
#  | RAMB/FIFO                                                 | 80%       | 0.46%  | OK     |
#  | DSP+RAMB+URAM (Avg)                                       | 70%       | 0.65%  | OK     |
#  | BUFGCE* + BUFGCTRL                                        | 24        | 0      | OK     |
#  | DONT_TOUCH (cells/nets)                                   | 0         | 0      | OK     |
#  | MARK_DEBUG (nets)                                         | 0         | 0      | OK     |
#  | Control Sets                                              | 1323      | 118    | OK     |
#  | Average Fanout for modules > 100k cells                   | 4         | 2.27   | OK     |
#  | Max Average Fanout for modules > 100k cells               | 4         | 0      | OK     |
#  | Non-FD high fanout nets > 10k loads                       | 0         | 0      | OK     |
#  +-----------------------------------------------------------+-----------+--------+--------+
#  | TIMING-6 (No common primary clock between related clocks) | 0         | 0      | OK     |
#  | TIMING-7 (No common node between related clocks)          | 0         | 0      | OK     |
#  | TIMING-8 (No common period between related clocks)        | 0         | 0      | OK     |
#  | TIMING-14 (LUT on the clock tree)                         | 0         | 0      | OK     |
#  | TIMING-35 (No common node in paths with the same clock)   | 0         | 0      | OK     |
#  +-----------------------------------------------------------+-----------+--------+--------+
#  | Number of paths above max LUT budgeting (0.350ns)         | 0         | 0      | OK     |
#  | Number of paths above max Net budgeting (0.239ns)         | 0         | 0      | OK     |
#  +-----------------------------------------------------------+-----------+--------+--------+
 -I- Generated file /nethome/sparakh7/fpga_8893/2026_Spring/lab0/project_1/hls/impl/verilog/report/top_kernel_failfast_synth.rpt
 -I- Number of criteria to review: 0
 -I- This report should be run before placing the design and uses conservative guidelines beyond which runtime and timing closure will likely be more challenging
 -I- report_failfast completed in 5 seconds
TIMESTAMP: HLS-REPORT: synthesis gen_data_dict_vivado: 2026-01-22 16:11:17 EST
TIMESTAMP: HLS-REPORT: synth extract_util_hier: 2026-01-22 16:11:17 EST
TIMESTAMP: HLS-REPORT: synth get_cell_hier_data: 2026-01-22 16:11:17 EST
TIMESTAMP: HLS-REPORT: synth get_timing_paths: 2026-01-22 16:11:17 EST
TIMESTAMP: HLS-REPORT: synth process timing paths: 2026-01-22 16:11:17 EST
TIMESTAMP: HLS-REPORT: synth get_all_vv_rpt_files: 2026-01-22 16:11:17 EST
TIMESTAMP: HLS-REPORT: synthesis write_reports_vivado: 2026-01-22 16:11:17 EST
HLS EXTRACTION: synth area_totals:  0 70560 141120 360 432 0 0
HLS EXTRACTION: synth area_current: 0 2093 3019 3 2 0 366 0 0 0
HLS EXTRACTION: synth resources_dict: AVAIL_LUT 70560 LUT 2093 AVAIL_FF 141120 FF 3019 AVAIL_DSP 360 DSP 3 AVAIL_BRAM 432 BRAM 2 AVAIL_URAM 0 URAM 0 LATCH 0 SRL 366 AVAIL_CLB 0 CLB 0
INFO: HLS-REPORT: generated /nethome/sparakh7/fpga_8893/2026_Spring/lab0/project_1/hls/impl/verilog/report/vivado_syn.xml
INFO: HLS-REPORT: generated /nethome/sparakh7/fpga_8893/2026_Spring/lab0/project_1/hls/impl/report/verilog/top_kernel_export.rpt


Implementation tool: Xilinx Vivado v.2025.1.1
Project:             project_1
Solution:            hls
Device target:       xczu3eg-sbva484-1-e
Report date:         Thu Jan 22 16:11:17 EST 2026

#=== Post-Synthesis Resource usage ===
SLICE:            0
LUT:           2093
FF:            3019
DSP:              3
BRAM:             2
URAM:             0
LATCH:            0
SRL:            366
CLB:              0

#=== Final timing ===
CP required:                     10.000
CP achieved post-synthesis:      2.779
Timing met

TIMESTAMP: HLS-REPORT: synthesis end: 2026-01-22 16:11:17 EST
# if { $has_impl } {
#   # launch run impl
#   if { [llength $impl_props] } {
#     set_property -dict $impl_props [get_runs impl_1]
#   }
#   launch_runs impl_1
#   wait_on_run impl_1
#   # impl reports
#   hls_vivado_reports_impl impl_1 $report_options
# }
INFO: [Timing 38-480] Writing timing data to binary archive.
Write ShapeDB Complete: Time (s): cpu = 00:00:00.03 ; elapsed = 00:00:00.01 . Memory (MB): peak = 0.000 ; gain = 0.000 ; free physical = 83931 ; free virtual = 208199
WARNING: [Common 17-210] 'write_hwdef' is deprecated.
[Thu Jan 22 16:11:18 2026] Launched impl_1...
Run output will be captured here: /nethome/sparakh7/fpga_8893/2026_Spring/lab0/project_1/hls/impl/verilog/project.runs/impl_1/runme.log
[Thu Jan 22 16:11:18 2026] Waiting for impl_1 to finish...

*** Running vivado
    with args -log bd_0_wrapper.vdi -applog -m64 -product Vivado -messageDb vivado.pb -mode batch -source bd_0_wrapper.tcl -notrace


****** Vivado v2025.1.1 (64-bit)
  **** SW Build 6233196 on Thu Sep 11 21:27:11 MDT 2025
  **** IP Build 6232796 on Fri Sep 12 01:46:16 MDT 2025
  **** SharedData Build 6233195 on Thu Sep 11 17:56:43 MDT 2025
  **** Start of session at: Thu Jan 22 16:11:22 2026
    ** Copyright 1986-2022 Xilinx, Inc. All Rights Reserved.
    ** Copyright 2022-2025 Advanced Micro Devices, Inc. All Rights Reserved.

source bd_0_wrapper.tcl -notrace
INFO: Dispatch client connection id - 46507
Command: open_checkpoint /nethome/sparakh7/fpga_8893/2026_Spring/lab0/project_1/hls/impl/verilog/project.runs/impl_1/bd_0_wrapper.dcp
INFO: [Device 21-403] Loading part xczu3eg-sbva484-1-e
Netlist sorting complete. Time (s): cpu = 00:00:00.05 ; elapsed = 00:00:00.05 . Memory (MB): peak = 0.000 ; gain = 0.000 ; free physical = 83733 ; free virtual = 208550
INFO: [Netlist 29-17] Analyzing 85 Unisim elements for replacement
INFO: [Netlist 29-28] Unisim Transformation completed in 0 CPU seconds
INFO: [Project 1-479] Netlist was created with Vivado 2025.1.1
INFO: [Project 1-570] Preparing netlist for logic optimization
Read ShapeDB Complete: Time (s): cpu = 00:00:00.01 ; elapsed = 00:00:00.01 . Memory (MB): peak = 0.000 ; gain = 0.000 ; free physical = 83483 ; free virtual = 208493
INFO: [Timing 38-478] Restoring timing data from binary archive.
INFO: [Timing 38-479] Binary timing data restore complete.
INFO: [Project 1-856] Restoring constraints from binary archive.
INFO: [Project 1-853] Binary constraint restore complete.
Netlist sorting complete. Time (s): cpu = 00:00:00 ; elapsed = 00:00:00 . Memory (MB): peak = 0.000 ; gain = 0.000 ; free physical = 86075 ; free virtual = 211521
INFO: [Project 1-111] Unisim Transformation Summary:
  A total of 3 instances were transformed.
  DSP48E2 => DSP48E2 (DSP_ALU, DSP_A_B_DATA, DSP_C_DATA, DSP_MULTIPLIER, DSP_M_DATA, DSP_OUTPUT, DSP_PREADD, DSP_PREADD_DATA): 3 instances

INFO: [Project 1-604] Checkpoint was created with Vivado v2025.1.1 (64-bit) build 6233196
open_checkpoint: Time (s): cpu = 00:00:42 ; elapsed = 00:00:34 . Memory (MB): peak = 0.000 ; gain = 0.000 ; free physical = 86060 ; free virtual = 211508
INFO: [IP_Flow 19-234] Refreshing IP repositories
INFO: [IP_Flow 19-1700] Loaded user IP repository '/nethome/sparakh7/fpga_8893/2026_Spring/lab0/project_1/hls/impl/ip'.
INFO: [IP_Flow 19-2313] Loaded Vivado IP repository '/tools/software/xilinx/2025.1.1/data/ip'.
Command: opt_design
Attempting to get a license for feature 'Implementation' and/or device 'xczu3eg'
INFO: [Common 17-349] Got license for feature 'Implementation' and/or device 'xczu3eg'
Running DRC as a precondition to command opt_design

Starting DRC Task
INFO: [DRC 23-27] Running DRC with 8 threads
WARNING: [DRC 23-814] Not all possible (connectivity based) DRCs may have been run because this design is seen as Out of Context.
INFO: [Project 1-461] DRC finished with 0 Errors
INFO: [Project 1-462] Please refer to the DRC report (report_drc) for more information.

Time (s): cpu = 00:00:03 ; elapsed = 00:00:00.89 . Memory (MB): peak = 0.000 ; gain = 0.000 ; free physical = 85887 ; free virtual = 211335

Starting Cache Timing Information Task
Ending Cache Timing Information Task | Checksum: 84534606

Time (s): cpu = 00:00:00.88 ; elapsed = 00:00:00.93 . Memory (MB): peak = 0.000 ; gain = 0.000 ; free physical = 85840 ; free virtual = 211289

Starting Logic Optimization Task

Phase 1 Initialization

Phase 1.1 Core Generation And Design Setup
Phase 1.1 Core Generation And Design Setup | Checksum: 84534606

Time (s): cpu = 00:00:00.01 ; elapsed = 00:00:00.01 . Memory (MB): peak = 0.000 ; gain = 0.000 ; free physical = 86419 ; free virtual = 211617

Phase 1.2 Setup Constraints And Sort Netlist
Phase 1.2 Setup Constraints And Sort Netlist | Checksum: 84534606

Time (s): cpu = 00:00:00.02 ; elapsed = 00:00:00.02 . Memory (MB): peak = 0.000 ; gain = 0.000 ; free physical = 86418 ; free virtual = 211616
Phase 1 Initialization | Checksum: 84534606

Time (s): cpu = 00:00:00.02 ; elapsed = 00:00:00.02 . Memory (MB): peak = 0.000 ; gain = 0.000 ; free physical = 86418 ; free virtual = 211616

Phase 2 Timer Update And Timing Data Collection

Phase 2.1 Timer Update
Phase 2.1 Timer Update | Checksum: 84534606

Time (s): cpu = 00:00:00.39 ; elapsed = 00:00:00.12 . Memory (MB): peak = 0.000 ; gain = 0.000 ; free physical = 86418 ; free virtual = 211616

Phase 2.2 Timing Data Collection
Phase 2.2 Timing Data Collection | Checksum: 84534606

Time (s): cpu = 00:00:00.4 ; elapsed = 00:00:00.14 . Memory (MB): peak = 0.000 ; gain = 0.000 ; free physical = 86418 ; free virtual = 211616
Phase 2 Timer Update And Timing Data Collection | Checksum: 84534606

Time (s): cpu = 00:00:00.4 ; elapsed = 00:00:00.14 . Memory (MB): peak = 0.000 ; gain = 0.000 ; free physical = 86418 ; free virtual = 211616

Phase 3 Retarget
INFO: [Opt 31-1851] Number of loadless carry chains removed were: 0
INFO: [Opt 31-1834] Total Chains To Be Transformed Were: 0 AND Number of Transformed insts Created are: 0
INFO: [Opt 31-138] Pushed 1 inverter(s) to 2017 load pin(s).
INFO: [Opt 31-49] Retargeted 0 cell(s).
Phase 3 Retarget | Checksum: f0bc9ba3

Time (s): cpu = 00:00:01 ; elapsed = 00:00:00.56 . Memory (MB): peak = 0.000 ; gain = 0.000 ; free physical = 86385 ; free virtual = 211583
Retarget | Checksum: f0bc9ba3
INFO: [Opt 31-389] Phase Retarget created 0 cells and removed 1 cells

Phase 4 Constant propagation
INFO: [Opt 31-138] Pushed 0 inverter(s) to 0 load pin(s).
Phase 4 Constant propagation | Checksum: 19a77e26b

Time (s): cpu = 00:00:01 ; elapsed = 00:00:00.68 . Memory (MB): peak = 0.000 ; gain = 0.000 ; free physical = 86392 ; free virtual = 211590
Constant propagation | Checksum: 19a77e26b
INFO: [Opt 31-389] Phase Constant propagation created 0 cells and removed 0 cells

Phase 5 Sweep
INFO: [Constraints 18-11670] Building netlist checker database with flags, 0x8
Done building netlist checker database: Time (s): cpu = 00:00:00 ; elapsed = 00:00:00 . Memory (MB): peak = 0.000 ; gain = 0.000 ; free physical = 86392 ; free virtual = 211590
INFO: [Constraints 18-11670] Building netlist checker database with flags, 0x8
Done building netlist checker database: Time (s): cpu = 00:00:00 ; elapsed = 00:00:00 . Memory (MB): peak = 0.000 ; gain = 0.000 ; free physical = 86430 ; free virtual = 211629
Phase 5 Sweep | Checksum: f5f5555c

Time (s): cpu = 00:00:01 ; elapsed = 00:00:00.77 . Memory (MB): peak = 0.000 ; gain = 0.000 ; free physical = 86433 ; free virtual = 211632
Sweep | Checksum: f5f5555c
INFO: [Opt 31-389] Phase Sweep created 0 cells and removed 0 cells

Phase 6 BUFG optimization
INFO: [Opt 31-1077] Phase BUFG optimization inserted 0 global clock buffer(s) for CLOCK_LOW_FANOUT.
Phase 6 BUFG optimization | Checksum: f5f5555c

Time (s): cpu = 00:00:01 ; elapsed = 00:00:00.81 . Memory (MB): peak = 0.000 ; gain = 0.000 ; free physical = 86429 ; free virtual = 211629
BUFG optimization | Checksum: f5f5555c
INFO: [Opt 31-662] Phase BUFG optimization created 0 cells of which 0 are BUFGs and removed 0 cells.

Phase 7 Shift Register Optimization
INFO: [Opt 31-1064] SRL Remap converted 0 SRLs to 0 registers and converted 0 registers of register chains to 0 SRLs
Phase 7 Shift Register Optimization | Checksum: f5f5555c

Time (s): cpu = 00:00:01 ; elapsed = 00:00:00.82 . Memory (MB): peak = 0.000 ; gain = 0.000 ; free physical = 86431 ; free virtual = 211631
Shift Register Optimization | Checksum: f5f5555c
INFO: [Opt 31-389] Phase Shift Register Optimization created 0 cells and removed 0 cells

Phase 8 Post Processing Netlist
Phase 8 Post Processing Netlist | Checksum: f5f5555c

Time (s): cpu = 00:00:01 ; elapsed = 00:00:00.84 . Memory (MB): peak = 0.000 ; gain = 0.000 ; free physical = 86431 ; free virtual = 211631
Post Processing Netlist | Checksum: f5f5555c
INFO: [Opt 31-389] Phase Post Processing Netlist created 0 cells and removed 0 cells

Phase 9 Finalization

Phase 9.1 Finalizing Design Cores and Updating Shapes
Phase 9.1 Finalizing Design Cores and Updating Shapes | Checksum: 171b64642

Time (s): cpu = 00:00:01 ; elapsed = 00:00:00.96 . Memory (MB): peak = 0.000 ; gain = 0.000 ; free physical = 86431 ; free virtual = 211630

Phase 9.2 Verifying Netlist Connectivity

Starting Connectivity Check Task

Time (s): cpu = 00:00:00.01 ; elapsed = 00:00:00.02 . Memory (MB): peak = 0.000 ; gain = 0.000 ; free physical = 86422 ; free virtual = 211621
Phase 9.2 Verifying Netlist Connectivity | Checksum: 171b64642

Time (s): cpu = 00:00:01 ; elapsed = 00:00:01 . Memory (MB): peak = 0.000 ; gain = 0.000 ; free physical = 86422 ; free virtual = 211621
Phase 9 Finalization | Checksum: 171b64642

Time (s): cpu = 00:00:01 ; elapsed = 00:00:01 . Memory (MB): peak = 0.000 ; gain = 0.000 ; free physical = 86422 ; free virtual = 211621
Opt_design Change Summary
=========================


-------------------------------------------------------------------------------------------------------------------------
|  Phase                        |  #Cells created  |  #Cells Removed  |  #Constrained objects preventing optimizations  |
-------------------------------------------------------------------------------------------------------------------------
|  Retarget                     |               0  |               1  |                                              0  |
|  Constant propagation         |               0  |               0  |                                              0  |
|  Sweep                        |               0  |               0  |                                              0  |
|  BUFG optimization            |               0  |               0  |                                              0  |
|  Shift Register Optimization  |               0  |               0  |                                              0  |
|  Post Processing Netlist      |               0  |               0  |                                              0  |
-------------------------------------------------------------------------------------------------------------------------


Ending Logic Optimization Task | Checksum: 171b64642

Time (s): cpu = 00:00:01 ; elapsed = 00:00:01 . Memory (MB): peak = 0.000 ; gain = 0.000 ; free physical = 86423 ; free virtual = 211622

Starting Power Optimization Task
INFO: [Pwropt 34-132] Skipping clock gating for clocks with a period < 2.00 ns.
INFO: [Pwropt 34-9] Applying IDT optimizations ...
INFO: [Pwropt 34-10] Applying ODC optimizations ...
INFO: [Timing 38-35] Done setting XDC timing constraints.
Running Vector-less Activity Propagation...

Finished Running Vector-less Activity Propagation


Starting PowerOpt Patch Enables Task
INFO: [Pwropt 34-162] WRITE_MODE attribute of 0 BRAM(s) out of a total of 2 has been updated to save power. Run report_power_opt to get a complete listing of the BRAMs updated.
INFO: [Pwropt 34-201] Structural ODC has moved 0 WE to EN ports
Number of BRAM Ports augmented: 0 newly gated: 2 Total Ports: 4
Ending PowerOpt Patch Enables Task | Checksum: 1975bafca

Time (s): cpu = 00:00:00.04 ; elapsed = 00:00:00.04 . Memory (MB): peak = 0.000 ; gain = 0.000 ; free physical = 86376 ; free virtual = 211575
Ending Power Optimization Task | Checksum: 1975bafca

Time (s): cpu = 00:00:04 ; elapsed = 00:00:02 . Memory (MB): peak = 0.000 ; gain = 0.000 ; free physical = 86377 ; free virtual = 211576

Starting Final Cleanup Task
Ending Final Cleanup Task | Checksum: 1975bafca

Time (s): cpu = 00:00:00 ; elapsed = 00:00:00.01 . Memory (MB): peak = 0.000 ; gain = 0.000 ; free physical = 86377 ; free virtual = 211576

Starting Netlist Obfuscation Task
Netlist sorting complete. Time (s): cpu = 00:00:00 ; elapsed = 00:00:00 . Memory (MB): peak = 0.000 ; gain = 0.000 ; free physical = 86377 ; free virtual = 211576
Ending Netlist Obfuscation Task | Checksum: f2402b6a

Time (s): cpu = 00:00:00 ; elapsed = 00:00:00 . Memory (MB): peak = 0.000 ; gain = 0.000 ; free physical = 86377 ; free virtual = 211576
INFO: [Common 17-83] Releasing license: Implementation
40 Infos, 1 Warnings, 0 Critical Warnings and 0 Errors encountered.
opt_design completed successfully
opt_design: Time (s): cpu = 00:00:13 ; elapsed = 00:00:09 . Memory (MB): peak = 0.000 ; gain = 0.000 ; free physical = 86377 ; free virtual = 211576
INFO: [Vivado 12-24828] Executing command : report_drc -file bd_0_wrapper_drc_opted.rpt -pb bd_0_wrapper_drc_opted.pb -rpx bd_0_wrapper_drc_opted.rpx
Command: report_drc -file bd_0_wrapper_drc_opted.rpt -pb bd_0_wrapper_drc_opted.pb -rpx bd_0_wrapper_drc_opted.rpx
INFO: [IP_Flow 19-1839] IP Catalog is up to date.
INFO: [DRC 23-27] Running DRC with 8 threads
WARNING: [DRC 23-814] Not all possible (connectivity based) DRCs may have been run because this design is seen as Out of Context.
INFO: [Vivado_Tcl 2-168] The results of DRC are in file /nethome/sparakh7/fpga_8893/2026_Spring/lab0/project_1/hls/impl/verilog/project.runs/impl_1/bd_0_wrapper_drc_opted.rpt.
report_drc completed successfully
INFO: [Timing 38-35] Done setting XDC timing constraints.
INFO: [Timing 38-480] Writing timing data to binary archive.
Write ShapeDB Complete: Time (s): cpu = 00:00:00.02 ; elapsed = 00:00:00.01 . Memory (MB): peak = 0.000 ; gain = 0.000 ; free physical = 86338 ; free virtual = 211540
INFO: [Common 17-1381] The checkpoint '/nethome/sparakh7/fpga_8893/2026_Spring/lab0/project_1/hls/impl/verilog/project.runs/impl_1/bd_0_wrapper_opt.dcp' has been generated.
Command: place_design
Attempting to get a license for feature 'Implementation' and/or device 'xczu3eg'
INFO: [Common 17-349] Got license for feature 'Implementation' and/or device 'xczu3eg'
INFO: [Common 17-83] Releasing license: Implementation
INFO: [DRC 23-27] Running DRC with 8 threads
WARNING: [DRC 23-814] Not all possible (connectivity based) DRCs may have been run because this design is seen as Out of Context.
INFO: [Vivado_Tcl 4-198] DRC finished with 0 Errors
INFO: [Vivado_Tcl 4-199] Please refer to the DRC report (report_drc) for more information.
Running DRC as a precondition to command place_design
INFO: [DRC 23-27] Running DRC with 8 threads
WARNING: [DRC 23-814] Not all possible (connectivity based) DRCs may have been run because this design is seen as Out of Context.
INFO: [Vivado_Tcl 4-198] DRC finished with 0 Errors
INFO: [Vivado_Tcl 4-199] Please refer to the DRC report (report_drc) for more information.
INFO: [Place 30-611] Multithreading enabled for place_design using a maximum of 8 CPUs

Starting Placer Task

Phase 1 Placer Initialization

Phase 1.1 Placer Initialization Netlist Sorting
Netlist sorting complete. Time (s): cpu = 00:00:00 ; elapsed = 00:00:00 . Memory (MB): peak = 0.000 ; gain = 0.000 ; free physical = 86344 ; free virtual = 211544
Phase 1.1 Placer Initialization Netlist Sorting | Checksum: b69bcec7

Time (s): cpu = 00:00:00.02 ; elapsed = 00:00:00.01 . Memory (MB): peak = 0.000 ; gain = 0.000 ; free physical = 86344 ; free virtual = 211544
Netlist sorting complete. Time (s): cpu = 00:00:00 ; elapsed = 00:00:00.01 . Memory (MB): peak = 0.000 ; gain = 0.000 ; free physical = 86344 ; free virtual = 211544

Phase 1.2 IO Placement/ Clock Placement/ Build Placer Device
Phase 1.2 IO Placement/ Clock Placement/ Build Placer Device | Checksum: 474a2f21

Time (s): cpu = 00:00:21 ; elapsed = 00:00:20 . Memory (MB): peak = 0.000 ; gain = 0.000 ; free physical = 86051 ; free virtual = 211250

Phase 1.3 Build Placer Netlist Model
Phase 1.3 Build Placer Netlist Model | Checksum: f3ef52b2

Time (s): cpu = 00:00:24 ; elapsed = 00:00:21 . Memory (MB): peak = 0.000 ; gain = 0.000 ; free physical = 86053 ; free virtual = 211213

Phase 1.4 Constrain Clocks/Macros
Phase 1.4 Constrain Clocks/Macros | Checksum: f3ef52b2

Time (s): cpu = 00:00:24 ; elapsed = 00:00:21 . Memory (MB): peak = 0.000 ; gain = 0.000 ; free physical = 86052 ; free virtual = 211212
Phase 1 Placer Initialization | Checksum: f3ef52b2

Time (s): cpu = 00:00:24 ; elapsed = 00:00:21 . Memory (MB): peak = 0.000 ; gain = 0.000 ; free physical = 86046 ; free virtual = 211206

Phase 2 Global Placement

Phase 2.1 Floorplanning

Phase 2.1.1 Partition Driven Placement

Phase 2.1.1.1 PBP: Partition Driven Placement
Phase 2.1.1.1 PBP: Partition Driven Placement | Checksum: 53e5749b

Time (s): cpu = 00:00:26 ; elapsed = 00:00:22 . Memory (MB): peak = 0.000 ; gain = 0.000 ; free physical = 85931 ; free virtual = 211091

Phase 2.1.1.2 PBP: Clock Region Placement
INFO: [Place 30-3164] Check ILP status : ILP-based clock placer is skipped.
Phase 2.1.1.2 PBP: Clock Region Placement | Checksum: 53e5749b

Time (s): cpu = 00:00:26 ; elapsed = 00:00:22 . Memory (MB): peak = 0.000 ; gain = 0.000 ; free physical = 85925 ; free virtual = 211086

Phase 2.1.1.3 PBP: Compute Congestion
Phase 2.1.1.3 PBP: Compute Congestion | Checksum: 53e5749b

Time (s): cpu = 00:00:40 ; elapsed = 00:00:26 . Memory (MB): peak = 0.000 ; gain = 0.000 ; free physical = 84912 ; free virtual = 210072

Phase 2.1.1.4 PBP: UpdateTiming
Phase 2.1.1.4 PBP: UpdateTiming | Checksum: 12c24fc41

Time (s): cpu = 00:00:41 ; elapsed = 00:00:26 . Memory (MB): peak = 0.000 ; gain = 0.000 ; free physical = 84858 ; free virtual = 210018

Phase 2.1.1.5 PBP: Add part constraints
Phase 2.1.1.5 PBP: Add part constraints | Checksum: 12c24fc41

Time (s): cpu = 00:00:41 ; elapsed = 00:00:26 . Memory (MB): peak = 0.000 ; gain = 0.000 ; free physical = 84856 ; free virtual = 210016
Phase 2.1.1 Partition Driven Placement | Checksum: 12c24fc41

Time (s): cpu = 00:00:41 ; elapsed = 00:00:26 . Memory (MB): peak = 0.000 ; gain = 0.000 ; free physical = 84853 ; free virtual = 210013
Phase 2.1 Floorplanning | Checksum: 1110c0f5e

Time (s): cpu = 00:00:41 ; elapsed = 00:00:26 . Memory (MB): peak = 0.000 ; gain = 0.000 ; free physical = 84850 ; free virtual = 210010

Phase 2.2 Update Timing before SLR Path Opt
Phase 2.2 Update Timing before SLR Path Opt | Checksum: 1110c0f5e

Time (s): cpu = 00:00:41 ; elapsed = 00:00:26 . Memory (MB): peak = 0.000 ; gain = 0.000 ; free physical = 84848 ; free virtual = 210008

Phase 2.3 Post-Processing in Floorplanning
Phase 2.3 Post-Processing in Floorplanning | Checksum: 1110c0f5e

Time (s): cpu = 00:00:41 ; elapsed = 00:00:26 . Memory (MB): peak = 0.000 ; gain = 0.000 ; free physical = 84842 ; free virtual = 210002

Phase 2.4 Global Place Phase1
Phase 2.4 Global Place Phase1 | Checksum: fbe0db23

Time (s): cpu = 00:01:11 ; elapsed = 00:00:34 . Memory (MB): peak = 0.000 ; gain = 0.000 ; free physical = 84713 ; free virtual = 209876

Phase 2.5 Global Place Phase2

Phase 2.5.1 UpdateTiming Before Physical Synthesis
Phase 2.5.1 UpdateTiming Before Physical Synthesis | Checksum: fbe0db23

Time (s): cpu = 00:01:11 ; elapsed = 00:00:34 . Memory (MB): peak = 0.000 ; gain = 0.000 ; free physical = 84700 ; free virtual = 209863

Phase 2.5.2 Physical Synthesis In Placer
INFO: [Physopt 32-1035] Found 0 LUTNM shape to break, 64 LUT instances to create LUTNM shape
INFO: [Physopt 32-1044] Break lutnm for timing: one critical 0, two critical 0, total 0, new lutff created 0
INFO: [Physopt 32-1138] End 1 Pass. Optimized 30 nets or LUTs. Breaked 0 LUT, combined 30 existing LUTs and moved 0 existing LUT
INFO: [Physopt 32-670] No setup violation found.  Equivalent Driver Rewiring was not performed.
INFO: [Physopt 32-65] No nets found for high-fanout optimization.
INFO: [Physopt 32-232] Optimized 0 net. Created 0 new instance.
INFO: [Physopt 32-775] End 1 Pass. Optimized 0 net or cell. Created 0 new cell, deleted 0 existing cell and moved 0 existing cell
INFO: [Physopt 32-670] No setup violation found.  DSP Register Optimization was not performed.
INFO: [Physopt 32-670] No setup violation found.  Shift Register to Pipeline Optimization was not performed.
INFO: [Physopt 32-670] No setup violation found.  Shift Register Optimization was not performed.
INFO: [Physopt 32-670] No setup violation found.  BRAM Register Optimization was not performed.
INFO: [Physopt 32-670] No setup violation found.  URAM Register Optimization was not performed.
INFO: [Physopt 32-949] No candidate nets found for dynamic/static region interface net replication
INFO: [Physopt 32-775] End 1 Pass. Optimized 0 net or cell. Created 0 new cell, deleted 0 existing cell and moved 0 existing cell
Netlist sorting complete. Time (s): cpu = 00:00:00 ; elapsed = 00:00:00 . Memory (MB): peak = 0.000 ; gain = 0.000 ; free physical = 84688 ; free virtual = 209850

Summary of Physical Synthesis Optimizations
============================================


-----------------------------------------------------------------------------------------------------------------------------------------------------------
|  Optimization                                     |  Added Cells  |  Removed Cells  |  Optimized Cells/Nets  |  Dont Touch  |  Iterations  |  Elapsed   |
-----------------------------------------------------------------------------------------------------------------------------------------------------------
|  LUT Combining                                    |            0  |             30  |                    30  |           0  |           1  |  00:00:00  |
|  Retime                                           |            0  |              0  |                     0  |           0  |           1  |  00:00:00  |
|  Equivalent Driver Rewiring                       |            0  |              0  |                     0  |           0  |           0  |  00:00:00  |
|  Very High Fanout                                 |            0  |              0  |                     0  |           0  |           1  |  00:00:00  |
|  DSP Register                                     |            0  |              0  |                     0  |           0  |           0  |  00:00:00  |
|  Shift Register to Pipeline                       |            0  |              0  |                     0  |           0  |           0  |  00:00:00  |
|  Shift Register                                   |            0  |              0  |                     0  |           0  |           0  |  00:00:00  |
|  BRAM Register                                    |            0  |              0  |                     0  |           0  |           0  |  00:00:00  |
|  URAM Register                                    |            0  |              0  |                     0  |           0  |           0  |  00:00:00  |
|  Dynamic/Static Region Interface Net Replication  |            0  |              0  |                     0  |           0  |           1  |  00:00:00  |
|  Total                                            |            0  |             30  |                    30  |           0  |           4  |  00:00:00  |
-----------------------------------------------------------------------------------------------------------------------------------------------------------


Phase 2.5.2 Physical Synthesis In Placer | Checksum: 11c184a82

Time (s): cpu = 00:01:12 ; elapsed = 00:00:35 . Memory (MB): peak = 0.000 ; gain = 0.000 ; free physical = 84694 ; free virtual = 209856
Phase 2.5 Global Place Phase2 | Checksum: 114718330

Time (s): cpu = 00:01:28 ; elapsed = 00:00:40 . Memory (MB): peak = 0.000 ; gain = 0.000 ; free physical = 84634 ; free virtual = 209798
Phase 2 Global Placement | Checksum: 114718330

Time (s): cpu = 00:01:28 ; elapsed = 00:00:40 . Memory (MB): peak = 0.000 ; gain = 0.000 ; free physical = 84633 ; free virtual = 209797

Phase 3 Detail Placement

Phase 3.1 Commit Multi Column Macros
Phase 3.1 Commit Multi Column Macros | Checksum: 14bcf8df6

Time (s): cpu = 00:01:44 ; elapsed = 00:00:45 . Memory (MB): peak = 0.000 ; gain = 0.000 ; free physical = 84223 ; free virtual = 209388

Phase 3.2 Commit Most Macros & LUTRAMs
Phase 3.2 Commit Most Macros & LUTRAMs | Checksum: 9cb1803c

Time (s): cpu = 00:01:45 ; elapsed = 00:00:45 . Memory (MB): peak = 0.000 ; gain = 0.000 ; free physical = 84236 ; free virtual = 209402

Phase 3.3 Small Shape DP

Phase 3.3.1 Small Shape Clustering
Phase 3.3.1 Small Shape Clustering | Checksum: 114f34e97

Time (s): cpu = 00:02:02 ; elapsed = 00:00:50 . Memory (MB): peak = 0.000 ; gain = 0.000 ; free physical = 84105 ; free virtual = 209271

Phase 3.3.2 Slice Area Swap

Phase 3.3.2.1 Slice Area Swap Initial
Phase 3.3.2.1 Slice Area Swap Initial | Checksum: 66fb5595

Time (s): cpu = 00:02:03 ; elapsed = 00:00:50 . Memory (MB): peak = 0.000 ; gain = 0.000 ; free physical = 84399 ; free virtual = 209562
Phase 3.3.2 Slice Area Swap | Checksum: 66fb5595

Time (s): cpu = 00:02:03 ; elapsed = 00:00:50 . Memory (MB): peak = 0.000 ; gain = 0.000 ; free physical = 84998 ; free virtual = 210161
Phase 3.3 Small Shape DP | Checksum: 14b6e058b

Time (s): cpu = 00:02:04 ; elapsed = 00:00:51 . Memory (MB): peak = 0.000 ; gain = 0.000 ; free physical = 84982 ; free virtual = 210146

Phase 3.4 Re-assign LUT pins
Phase 3.4 Re-assign LUT pins | Checksum: 1c6ded50b

Time (s): cpu = 00:02:05 ; elapsed = 00:00:51 . Memory (MB): peak = 0.000 ; gain = 0.000 ; free physical = 84985 ; free virtual = 210149

Phase 3.5 Pipeline Register Optimization
Phase 3.5 Pipeline Register Optimization | Checksum: 15d15eac8

Time (s): cpu = 00:02:05 ; elapsed = 00:00:51 . Memory (MB): peak = 0.000 ; gain = 0.000 ; free physical = 84985 ; free virtual = 210149
Phase 3 Detail Placement | Checksum: 15d15eac8

Time (s): cpu = 00:02:05 ; elapsed = 00:00:51 . Memory (MB): peak = 0.000 ; gain = 0.000 ; free physical = 84985 ; free virtual = 210149

Phase 4 Post Placement Optimization and Clean-Up

Phase 4.1 Post Commit Optimization
INFO: [Timing 38-35] Done setting XDC timing constraints.

Phase 4.1.1 Post Placement Optimization
Post Placement Optimization Initialization | Checksum: 177cb12be

Phase 4.1.1.1 BUFG Insertion

Starting Physical Synthesis Task

Phase 1 Physical Synthesis Initialization
INFO: [Physopt 32-721] Multithreading enabled for phys_opt_design using a maximum of 8 CPUs
INFO: [Physopt 32-619] Estimated Timing Summary | WNS=7.221 | TNS=0.000 |
Phase 1 Physical Synthesis Initialization | Checksum: d9072e8c

Time (s): cpu = 00:00:00.3 ; elapsed = 00:00:00.08 . Memory (MB): peak = 0.000 ; gain = 0.000 ; free physical = 84097 ; free virtual = 209264
INFO: [Place 46-56] BUFG insertion identified 0 candidate nets. Inserted BUFG: 0, Replicated BUFG Driver: 0, Skipped due to Placement/Routing Conflicts: 0, Skipped due to Timing Degradation: 0, Skipped due to netlist editing failed: 0.
Ending Physical Synthesis Task | Checksum: 12c2b58b0

Time (s): cpu = 00:00:00.35 ; elapsed = 00:00:00.11 . Memory (MB): peak = 0.000 ; gain = 0.000 ; free physical = 84086 ; free virtual = 209253
Phase 4.1.1.1 BUFG Insertion | Checksum: 177cb12be

Time (s): cpu = 00:02:24 ; elapsed = 00:00:57 . Memory (MB): peak = 0.000 ; gain = 0.000 ; free physical = 84070 ; free virtual = 209237

Phase 4.1.1.2 Post Placement Timing Optimization
INFO: [Place 30-746] Post Placement Timing Summary WNS=7.221. For the most accurate timing information please run report_timing.
Phase 4.1.1.2 Post Placement Timing Optimization | Checksum: 16daf6e57

Time (s): cpu = 00:02:24 ; elapsed = 00:00:57 . Memory (MB): peak = 0.000 ; gain = 0.000 ; free physical = 84049 ; free virtual = 209218

Time (s): cpu = 00:02:24 ; elapsed = 00:00:57 . Memory (MB): peak = 0.000 ; gain = 0.000 ; free physical = 84047 ; free virtual = 209216
Phase 4.1 Post Commit Optimization | Checksum: 16daf6e57

Time (s): cpu = 00:02:24 ; elapsed = 00:00:57 . Memory (MB): peak = 0.000 ; gain = 0.000 ; free physical = 84044 ; free virtual = 209213

Phase 4.2 Post Placement Cleanup
Phase 4.2 Post Placement Cleanup | Checksum: 16daf6e57

Time (s): cpu = 00:02:42 ; elapsed = 00:01:04 . Memory (MB): peak = 0.000 ; gain = 0.000 ; free physical = 83708 ; free virtual = 208906

Phase 4.3 Placer Reporting

Phase 4.3.1 Print Estimated Congestion
INFO: [Place 30-612] Post-Placement Estimated Congestion 
 ________________________________________________________________________
|           | Global Congestion | Long Congestion   | Short Congestion  |
| Direction | Region Size       | Region Size       | Region Size       |
|___________|___________________|___________________|___________________|
|      North|                1x1|                1x1|                1x1|
|___________|___________________|___________________|___________________|
|      South|                1x1|                1x1|                1x1|
|___________|___________________|___________________|___________________|
|       East|                1x1|                1x1|                1x1|
|___________|___________________|___________________|___________________|
|       West|                1x1|                1x1|                1x1|
|___________|___________________|___________________|___________________|

Phase 4.3.1 Print Estimated Congestion | Checksum: 16daf6e57

Time (s): cpu = 00:02:42 ; elapsed = 00:01:04 . Memory (MB): peak = 0.000 ; gain = 0.000 ; free physical = 83704 ; free virtual = 208905
Phase 4.3 Placer Reporting | Checksum: 16daf6e57

Time (s): cpu = 00:02:42 ; elapsed = 00:01:04 . Memory (MB): peak = 0.000 ; gain = 0.000 ; free physical = 83702 ; free virtual = 208903

Phase 4.4 Final Placement Cleanup
Netlist sorting complete. Time (s): cpu = 00:00:00 ; elapsed = 00:00:00 . Memory (MB): peak = 0.000 ; gain = 0.000 ; free physical = 83699 ; free virtual = 208902

Time (s): cpu = 00:02:42 ; elapsed = 00:01:04 . Memory (MB): peak = 0.000 ; gain = 0.000 ; free physical = 83699 ; free virtual = 208902
Phase 4 Post Placement Optimization and Clean-Up | Checksum: 183d1d491

Time (s): cpu = 00:02:42 ; elapsed = 00:01:04 . Memory (MB): peak = 0.000 ; gain = 0.000 ; free physical = 83697 ; free virtual = 208901
Ending Placer Task | Checksum: 106a96247

Time (s): cpu = 00:02:42 ; elapsed = 00:01:04 . Memory (MB): peak = 0.000 ; gain = 0.000 ; free physical = 83692 ; free virtual = 208898
77 Infos, 4 Warnings, 0 Critical Warnings and 0 Errors encountered.
place_design completed successfully
place_design: Time (s): cpu = 00:02:52 ; elapsed = 00:01:06 . Memory (MB): peak = 0.000 ; gain = 0.000 ; free physical = 83689 ; free virtual = 208897
INFO: [Vivado 12-24838] Running report commands "report_control_sets, report_io, report_utilization" in parallel.
Running report generation with 3 threads.
INFO: [Vivado 12-24828] Executing command : report_control_sets -verbose -file bd_0_wrapper_control_sets_placed.rpt
report_control_sets: Time (s): cpu = 00:00:00.21 ; elapsed = 00:00:00.27 . Memory (MB): peak = 0.000 ; gain = 0.000 ; free physical = 83647 ; free virtual = 208843
INFO: [Vivado 12-24828] Executing command : report_utilization -file bd_0_wrapper_utilization_placed.rpt -pb bd_0_wrapper_utilization_placed.pb
INFO: [Vivado 12-24828] Executing command : report_io -file bd_0_wrapper_io_placed.rpt
report_io: Time (s): cpu = 00:00:00.43 ; elapsed = 00:00:00.58 . Memory (MB): peak = 0.000 ; gain = 0.000 ; free physical = 83648 ; free virtual = 208847
INFO: [Timing 38-480] Writing timing data to binary archive.
Write ShapeDB Complete: Time (s): cpu = 00:00:00.08 ; elapsed = 00:00:00.02 . Memory (MB): peak = 0.000 ; gain = 0.000 ; free physical = 83642 ; free virtual = 208842
Wrote PlaceDB: Time (s): cpu = 00:00:00.77 ; elapsed = 00:00:00.27 . Memory (MB): peak = 0.000 ; gain = 0.000 ; free physical = 83614 ; free virtual = 208819
Wrote PulsedLatchDB: Time (s): cpu = 00:00:00 ; elapsed = 00:00:00.01 . Memory (MB): peak = 0.000 ; gain = 0.000 ; free physical = 83614 ; free virtual = 208819
Writing XDEF routing.
Writing XDEF routing logical nets.
Writing XDEF routing special nets.
Wrote RouteStorage: Time (s): cpu = 00:00:00.14 ; elapsed = 00:00:00.17 . Memory (MB): peak = 0.000 ; gain = 0.000 ; free physical = 83594 ; free virtual = 208799
Wrote Netlist Cache: Time (s): cpu = 00:00:00.01 ; elapsed = 00:00:00.02 . Memory (MB): peak = 0.000 ; gain = 0.000 ; free physical = 83591 ; free virtual = 208797
Wrote Device Cache: Time (s): cpu = 00:00:00.02 ; elapsed = 00:00:00.05 . Memory (MB): peak = 0.000 ; gain = 0.000 ; free physical = 83584 ; free virtual = 208792
Write Physdb Complete: Time (s): cpu = 00:00:00.95 ; elapsed = 00:00:00.55 . Memory (MB): peak = 0.000 ; gain = 0.000 ; free physical = 83582 ; free virtual = 208791
INFO: [Common 17-1381] The checkpoint '/nethome/sparakh7/fpga_8893/2026_Spring/lab0/project_1/hls/impl/verilog/project.runs/impl_1/bd_0_wrapper_placed.dcp' has been generated.
Command: phys_opt_design
Attempting to get a license for feature 'Implementation' and/or device 'xczu3eg'
INFO: [Common 17-349] Got license for feature 'Implementation' and/or device 'xczu3eg'

Starting Initial Update Timing Task
WARNING: [Timing 38-242] The property HD.CLK_SRC of clock port "ap_clk" is not set. In out-of-context mode, this prevents timing estimation for clock delay/skew
Resolution: Set the HD.CLK_SRC property of the out-of-context port to the location of the clock buffer instance in the top-level design

Time (s): cpu = 00:00:02 ; elapsed = 00:00:00.52 . Memory (MB): peak = 0.000 ; gain = 0.000 ; free physical = 83467 ; free virtual = 208676
INFO: [Vivado_Tcl 4-2279] Estimated Timing Summary | WNS= 7.221 | TNS= 0.000 | 
INFO: [Vivado_Tcl 4-383] Design worst setup slack (WNS) is greater than or equal to 0.000 ns. All physical synthesis setup optimizations will be skipped.
INFO: [Vivado_Tcl 4-232] No setup violation found. The netlist was not modified.
INFO: [Common 17-83] Releasing license: Implementation
88 Infos, 5 Warnings, 0 Critical Warnings and 0 Errors encountered.
phys_opt_design completed successfully
INFO: [Timing 38-480] Writing timing data to binary archive.
Write ShapeDB Complete: Time (s): cpu = 00:00:00.07 ; elapsed = 00:00:00.02 . Memory (MB): peak = 0.000 ; gain = 0.000 ; free physical = 83465 ; free virtual = 208672
Wrote PlaceDB: Time (s): cpu = 00:00:00.74 ; elapsed = 00:00:00.28 . Memory (MB): peak = 0.000 ; gain = 0.000 ; free physical = 83451 ; free virtual = 208666
Wrote PulsedLatchDB: Time (s): cpu = 00:00:00 ; elapsed = 00:00:00 . Memory (MB): peak = 0.000 ; gain = 0.000 ; free physical = 83451 ; free virtual = 208665
Writing XDEF routing.
Writing XDEF routing logical nets.
Writing XDEF routing special nets.
Wrote RouteStorage: Time (s): cpu = 00:00:00.05 ; elapsed = 00:00:00.08 . Memory (MB): peak = 0.000 ; gain = 0.000 ; free physical = 83443 ; free virtual = 208658
Wrote Netlist Cache: Time (s): cpu = 00:00:00.01 ; elapsed = 00:00:00.02 . Memory (MB): peak = 0.000 ; gain = 0.000 ; free physical = 83440 ; free virtual = 208656
Wrote Device Cache: Time (s): cpu = 00:00:00.02 ; elapsed = 00:00:00.06 . Memory (MB): peak = 0.000 ; gain = 0.000 ; free physical = 83434 ; free virtual = 208652
Write Physdb Complete: Time (s): cpu = 00:00:00.83 ; elapsed = 00:00:00.45 . Memory (MB): peak = 0.000 ; gain = 0.000 ; free physical = 83433 ; free virtual = 208651
INFO: [Common 17-1381] The checkpoint '/nethome/sparakh7/fpga_8893/2026_Spring/lab0/project_1/hls/impl/verilog/project.runs/impl_1/bd_0_wrapper_physopt.dcp' has been generated.
Command: route_design
Attempting to get a license for feature 'Implementation' and/or device 'xczu3eg'
INFO: [Common 17-349] Got license for feature 'Implementation' and/or device 'xczu3eg'


Starting Routing Task
INFO: [Route 35-254] Multithreading enabled for route_design using a maximum of 8 CPUs

Phase 1 Build RT Design
Checksum: PlaceDB: bad5c917 ConstDB: 0 ShapeSum: 2c412172 RouteDB: 1f9277be
Nodegraph reading from file.  Time (s): cpu = 00:00:00.64 ; elapsed = 00:00:00.69 . Memory (MB): peak = 0.000 ; gain = 0.000 ; free physical = 83339 ; free virtual = 208568
WARNING: [Route 35-197] Clock port "ap_clk" does not have an associated HD.CLK_SRC. Without this constraint, timing analysis may not be accurate and upstream checks cannot be done to ensure correct clock placement.
WARNING: [Route 35-198] Port "ap_rst_n" does not have an associated HD.PARTPIN_LOCS, which will prevent the partial routing of the signal "ap_rst_n". Without this partial route, timing analysis to/from this port will not be accurate, and no routing information for this port can be exported.
WARNING: [Route 35-198] Port "s_axi_control_wstrb[3]" does not have an associated HD.PARTPIN_LOCS, which will prevent the partial routing of the signal "s_axi_control_wstrb[3]". Without this partial route, timing analysis to/from this port will not be accurate, and no routing information for this port can be exported.
WARNING: [Route 35-198] Port "s_axi_control_wdata[27]" does not have an associated HD.PARTPIN_LOCS, which will prevent the partial routing of the signal "s_axi_control_wdata[27]". Without this partial route, timing analysis to/from this port will not be accurate, and no routing information for this port can be exported.
WARNING: [Route 35-198] Port "s_axi_control_wdata[26]" does not have an associated HD.PARTPIN_LOCS, which will prevent the partial routing of the signal "s_axi_control_wdata[26]". Without this partial route, timing analysis to/from this port will not be accurate, and no routing information for this port can be exported.
WARNING: [Route 35-198] Port "s_axi_control_araddr[0]" does not have an associated HD.PARTPIN_LOCS, which will prevent the partial routing of the signal "s_axi_control_araddr[0]". Without this partial route, timing analysis to/from this port will not be accurate, and no routing information for this port can be exported.
WARNING: [Route 35-198] Port "s_axi_control_araddr[1]" does not have an associated HD.PARTPIN_LOCS, which will prevent the partial routing of the signal "s_axi_control_araddr[1]". Without this partial route, timing analysis to/from this port will not be accurate, and no routing information for this port can be exported.
WARNING: [Route 35-198] Port "s_axi_control_araddr[2]" does not have an associated HD.PARTPIN_LOCS, which will prevent the partial routing of the signal "s_axi_control_araddr[2]". Without this partial route, timing analysis to/from this port will not be accurate, and no routing information for this port can be exported.
WARNING: [Route 35-198] Port "s_axi_control_araddr[4]" does not have an associated HD.PARTPIN_LOCS, which will prevent the partial routing of the signal "s_axi_control_araddr[4]". Without this partial route, timing analysis to/from this port will not be accurate, and no routing information for this port can be exported.
WARNING: [Route 35-198] Port "s_axi_control_araddr[5]" does not have an associated HD.PARTPIN_LOCS, which will prevent the partial routing of the signal "s_axi_control_araddr[5]". Without this partial route, timing analysis to/from this port will not be accurate, and no routing information for this port can be exported.
WARNING: [Route 35-198] Port "s_axi_control_araddr[3]" does not have an associated HD.PARTPIN_LOCS, which will prevent the partial routing of the signal "s_axi_control_araddr[3]". Without this partial route, timing analysis to/from this port will not be accurate, and no routing information for this port can be exported.
WARNING: [Route 35-198] Port "s_axi_control_wstrb[2]" does not have an associated HD.PARTPIN_LOCS, which will prevent the partial routing of the signal "s_axi_control_wstrb[2]". Without this partial route, timing analysis to/from this port will not be accurate, and no routing information for this port can be exported.
WARNING: [Route 35-198] Port "s_axi_control_wdata[19]" does not have an associated HD.PARTPIN_LOCS, which will prevent the partial routing of the signal "s_axi_control_wdata[19]". Without this partial route, timing analysis to/from this port will not be accurate, and no routing information for this port can be exported.
WARNING: [Route 35-198] Port "s_axi_control_wdata[21]" does not have an associated HD.PARTPIN_LOCS, which will prevent the partial routing of the signal "s_axi_control_wdata[21]". Without this partial route, timing analysis to/from this port will not be accurate, and no routing information for this port can be exported.
WARNING: [Route 35-198] Port "s_axi_control_wdata[25]" does not have an associated HD.PARTPIN_LOCS, which will prevent the partial routing of the signal "s_axi_control_wdata[25]". Without this partial route, timing analysis to/from this port will not be accurate, and no routing information for this port can be exported.
WARNING: [Route 35-198] Port "s_axi_control_wdata[28]" does not have an associated HD.PARTPIN_LOCS, which will prevent the partial routing of the signal "s_axi_control_wdata[28]". Without this partial route, timing analysis to/from this port will not be accurate, and no routing information for this port can be exported.
WARNING: [Route 35-198] Port "s_axi_control_wdata[18]" does not have an associated HD.PARTPIN_LOCS, which will prevent the partial routing of the signal "s_axi_control_wdata[18]". Without this partial route, timing analysis to/from this port will not be accurate, and no routing information for this port can be exported.
WARNING: [Route 35-198] Port "s_axi_control_wdata[31]" does not have an associated HD.PARTPIN_LOCS, which will prevent the partial routing of the signal "s_axi_control_wdata[31]". Without this partial route, timing analysis to/from this port will not be accurate, and no routing information for this port can be exported.
WARNING: [Route 35-198] Port "s_axi_control_wdata[29]" does not have an associated HD.PARTPIN_LOCS, which will prevent the partial routing of the signal "s_axi_control_wdata[29]". Without this partial route, timing analysis to/from this port will not be accurate, and no routing information for this port can be exported.
WARNING: [Route 35-198] Port "s_axi_control_wdata[24]" does not have an associated HD.PARTPIN_LOCS, which will prevent the partial routing of the signal "s_axi_control_wdata[24]". Without this partial route, timing analysis to/from this port will not be accurate, and no routing information for this port can be exported.
WARNING: [Route 35-198] Port "s_axi_control_wdata[20]" does not have an associated HD.PARTPIN_LOCS, which will prevent the partial routing of the signal "s_axi_control_wdata[20]". Without this partial route, timing analysis to/from this port will not be accurate, and no routing information for this port can be exported.
WARNING: [Route 35-198] Port "s_axi_control_wdata[22]" does not have an associated HD.PARTPIN_LOCS, which will prevent the partial routing of the signal "s_axi_control_wdata[22]". Without this partial route, timing analysis to/from this port will not be accurate, and no routing information for this port can be exported.
WARNING: [Route 35-198] Port "s_axi_control_wdata[30]" does not have an associated HD.PARTPIN_LOCS, which will prevent the partial routing of the signal "s_axi_control_wdata[30]". Without this partial route, timing analysis to/from this port will not be accurate, and no routing information for this port can be exported.
WARNING: [Route 35-198] Port "s_axi_control_wdata[23]" does not have an associated HD.PARTPIN_LOCS, which will prevent the partial routing of the signal "s_axi_control_wdata[23]". Without this partial route, timing analysis to/from this port will not be accurate, and no routing information for this port can be exported.
WARNING: [Route 35-198] Port "s_axi_control_wstrb[0]" does not have an associated HD.PARTPIN_LOCS, which will prevent the partial routing of the signal "s_axi_control_wstrb[0]". Without this partial route, timing analysis to/from this port will not be accurate, and no routing information for this port can be exported.
WARNING: [Route 35-198] Port "s_axi_control_wdata[4]" does not have an associated HD.PARTPIN_LOCS, which will prevent the partial routing of the signal "s_axi_control_wdata[4]". Without this partial route, timing analysis to/from this port will not be accurate, and no routing information for this port can be exported.
WARNING: [Route 35-198] Port "s_axi_control_wstrb[1]" does not have an associated HD.PARTPIN_LOCS, which will prevent the partial routing of the signal "s_axi_control_wstrb[1]". Without this partial route, timing analysis to/from this port will not be accurate, and no routing information for this port can be exported.
WARNING: [Route 35-198] Port "s_axi_control_wdata[9]" does not have an associated HD.PARTPIN_LOCS, which will prevent the partial routing of the signal "s_axi_control_wdata[9]". Without this partial route, timing analysis to/from this port will not be accurate, and no routing information for this port can be exported.
WARNING: [Route 35-198] Port "m_axi_a_arready" does not have an associated HD.PARTPIN_LOCS, which will prevent the partial routing of the signal "m_axi_a_arready". Without this partial route, timing analysis to/from this port will not be accurate, and no routing information for this port can be exported.
WARNING: [Route 35-198] Port "s_axi_control_wdata[10]" does not have an associated HD.PARTPIN_LOCS, which will prevent the partial routing of the signal "s_axi_control_wdata[10]". Without this partial route, timing analysis to/from this port will not be accurate, and no routing information for this port can be exported.
WARNING: [Route 35-198] Port "s_axi_control_wdata[15]" does not have an associated HD.PARTPIN_LOCS, which will prevent the partial routing of the signal "s_axi_control_wdata[15]". Without this partial route, timing analysis to/from this port will not be accurate, and no routing information for this port can be exported.
WARNING: [Route 35-198] Port "s_axi_control_wdata[14]" does not have an associated HD.PARTPIN_LOCS, which will prevent the partial routing of the signal "s_axi_control_wdata[14]". Without this partial route, timing analysis to/from this port will not be accurate, and no routing information for this port can be exported.
WARNING: [Route 35-198] Port "s_axi_control_wdata[16]" does not have an associated HD.PARTPIN_LOCS, which will prevent the partial routing of the signal "s_axi_control_wdata[16]". Without this partial route, timing analysis to/from this port will not be accurate, and no routing information for this port can be exported.
WARNING: [Route 35-198] Port "s_axi_control_wdata[17]" does not have an associated HD.PARTPIN_LOCS, which will prevent the partial routing of the signal "s_axi_control_wdata[17]". Without this partial route, timing analysis to/from this port will not be accurate, and no routing information for this port can be exported.
WARNING: [Route 35-198] Port "s_axi_control_wdata[12]" does not have an associated HD.PARTPIN_LOCS, which will prevent the partial routing of the signal "s_axi_control_wdata[12]". Without this partial route, timing analysis to/from this port will not be accurate, and no routing information for this port can be exported.
WARNING: [Route 35-198] Port "s_axi_control_wdata[2]" does not have an associated HD.PARTPIN_LOCS, which will prevent the partial routing of the signal "s_axi_control_wdata[2]". Without this partial route, timing analysis to/from this port will not be accurate, and no routing information for this port can be exported.
WARNING: [Route 35-198] Port "s_axi_control_wdata[5]" does not have an associated HD.PARTPIN_LOCS, which will prevent the partial routing of the signal "s_axi_control_wdata[5]". Without this partial route, timing analysis to/from this port will not be accurate, and no routing information for this port can be exported.
WARNING: [Route 35-198] Port "s_axi_control_wdata[8]" does not have an associated HD.PARTPIN_LOCS, which will prevent the partial routing of the signal "s_axi_control_wdata[8]". Without this partial route, timing analysis to/from this port will not be accurate, and no routing information for this port can be exported.
WARNING: [Route 35-198] Port "s_axi_control_wdata[13]" does not have an associated HD.PARTPIN_LOCS, which will prevent the partial routing of the signal "s_axi_control_wdata[13]". Without this partial route, timing analysis to/from this port will not be accurate, and no routing information for this port can be exported.
WARNING: [Route 35-198] Port "s_axi_control_wdata[6]" does not have an associated HD.PARTPIN_LOCS, which will prevent the partial routing of the signal "s_axi_control_wdata[6]". Without this partial route, timing analysis to/from this port will not be accurate, and no routing information for this port can be exported.
WARNING: [Route 35-198] Port "s_axi_control_wdata[7]" does not have an associated HD.PARTPIN_LOCS, which will prevent the partial routing of the signal "s_axi_control_wdata[7]". Without this partial route, timing analysis to/from this port will not be accurate, and no routing information for this port can be exported.
WARNING: [Route 35-198] Port "s_axi_control_wdata[1]" does not have an associated HD.PARTPIN_LOCS, which will prevent the partial routing of the signal "s_axi_control_wdata[1]". Without this partial route, timing analysis to/from this port will not be accurate, and no routing information for this port can be exported.
WARNING: [Route 35-198] Port "s_axi_control_wdata[11]" does not have an associated HD.PARTPIN_LOCS, which will prevent the partial routing of the signal "s_axi_control_wdata[11]". Without this partial route, timing analysis to/from this port will not be accurate, and no routing information for this port can be exported.
WARNING: [Route 35-198] Port "s_axi_control_arvalid" does not have an associated HD.PARTPIN_LOCS, which will prevent the partial routing of the signal "s_axi_control_arvalid". Without this partial route, timing analysis to/from this port will not be accurate, and no routing information for this port can be exported.
WARNING: [Route 35-198] Port "s_axi_control_rready" does not have an associated HD.PARTPIN_LOCS, which will prevent the partial routing of the signal "s_axi_control_rready". Without this partial route, timing analysis to/from this port will not be accurate, and no routing information for this port can be exported.
WARNING: [Route 35-198] Port "m_axi_b_arready" does not have an associated HD.PARTPIN_LOCS, which will prevent the partial routing of the signal "m_axi_b_arready". Without this partial route, timing analysis to/from this port will not be accurate, and no routing information for this port can be exported.
WARNING: [Route 35-198] Port "s_axi_control_wdata[3]" does not have an associated HD.PARTPIN_LOCS, which will prevent the partial routing of the signal "s_axi_control_wdata[3]". Without this partial route, timing analysis to/from this port will not be accurate, and no routing information for this port can be exported.
WARNING: [Route 35-198] Port "s_axi_control_wdata[0]" does not have an associated HD.PARTPIN_LOCS, which will prevent the partial routing of the signal "s_axi_control_wdata[0]". Without this partial route, timing analysis to/from this port will not be accurate, and no routing information for this port can be exported.
WARNING: [Route 35-198] Port "s_axi_control_wvalid" does not have an associated HD.PARTPIN_LOCS, which will prevent the partial routing of the signal "s_axi_control_wvalid". Without this partial route, timing analysis to/from this port will not be accurate, and no routing information for this port can be exported.
WARNING: [Route 35-198] Port "s_axi_control_awvalid" does not have an associated HD.PARTPIN_LOCS, which will prevent the partial routing of the signal "s_axi_control_awvalid". Without this partial route, timing analysis to/from this port will not be accurate, and no routing information for this port can be exported.
WARNING: [Route 35-198] Port "s_axi_control_bready" does not have an associated HD.PARTPIN_LOCS, which will prevent the partial routing of the signal "s_axi_control_bready". Without this partial route, timing analysis to/from this port will not be accurate, and no routing information for this port can be exported.
WARNING: [Route 35-198] Port "s_axi_control_awaddr[2]" does not have an associated HD.PARTPIN_LOCS, which will prevent the partial routing of the signal "s_axi_control_awaddr[2]". Without this partial route, timing analysis to/from this port will not be accurate, and no routing information for this port can be exported.
WARNING: [Route 35-198] Port "s_axi_control_awaddr[3]" does not have an associated HD.PARTPIN_LOCS, which will prevent the partial routing of the signal "s_axi_control_awaddr[3]". Without this partial route, timing analysis to/from this port will not be accurate, and no routing information for this port can be exported.
WARNING: [Route 35-198] Port "s_axi_control_awaddr[4]" does not have an associated HD.PARTPIN_LOCS, which will prevent the partial routing of the signal "s_axi_control_awaddr[4]". Without this partial route, timing analysis to/from this port will not be accurate, and no routing information for this port can be exported.
WARNING: [Route 35-198] Port "s_axi_control_awaddr[5]" does not have an associated HD.PARTPIN_LOCS, which will prevent the partial routing of the signal "s_axi_control_awaddr[5]". Without this partial route, timing analysis to/from this port will not be accurate, and no routing information for this port can be exported.
WARNING: [Route 35-198] Port "m_axi_sum_awready" does not have an associated HD.PARTPIN_LOCS, which will prevent the partial routing of the signal "m_axi_sum_awready". Without this partial route, timing analysis to/from this port will not be accurate, and no routing information for this port can be exported.
WARNING: [Route 35-198] Port "m_axi_sum_bvalid" does not have an associated HD.PARTPIN_LOCS, which will prevent the partial routing of the signal "m_axi_sum_bvalid". Without this partial route, timing analysis to/from this port will not be accurate, and no routing information for this port can be exported.
WARNING: [Route 35-198] Port "m_axi_a_rvalid" does not have an associated HD.PARTPIN_LOCS, which will prevent the partial routing of the signal "m_axi_a_rvalid". Without this partial route, timing analysis to/from this port will not be accurate, and no routing information for this port can be exported.
WARNING: [Route 35-198] Port "m_axi_a_rdata[13]" does not have an associated HD.PARTPIN_LOCS, which will prevent the partial routing of the signal "m_axi_a_rdata[13]". Without this partial route, timing analysis to/from this port will not be accurate, and no routing information for this port can be exported.
WARNING: [Route 35-198] Port "m_axi_a_rdata[14]" does not have an associated HD.PARTPIN_LOCS, which will prevent the partial routing of the signal "m_axi_a_rdata[14]". Without this partial route, timing analysis to/from this port will not be accurate, and no routing information for this port can be exported.
WARNING: [Route 35-198] Port "m_axi_a_rdata[15]" does not have an associated HD.PARTPIN_LOCS, which will prevent the partial routing of the signal "m_axi_a_rdata[15]". Without this partial route, timing analysis to/from this port will not be accurate, and no routing information for this port can be exported.
WARNING: [Route 35-198] Port "m_axi_a_rdata[20]" does not have an associated HD.PARTPIN_LOCS, which will prevent the partial routing of the signal "m_axi_a_rdata[20]". Without this partial route, timing analysis to/from this port will not be accurate, and no routing information for this port can be exported.
WARNING: [Route 35-198] Port "m_axi_a_rdata[21]" does not have an associated HD.PARTPIN_LOCS, which will prevent the partial routing of the signal "m_axi_a_rdata[21]". Without this partial route, timing analysis to/from this port will not be accurate, and no routing information for this port can be exported.
WARNING: [Route 35-198] Port "m_axi_a_rdata[23]" does not have an associated HD.PARTPIN_LOCS, which will prevent the partial routing of the signal "m_axi_a_rdata[23]". Without this partial route, timing analysis to/from this port will not be accurate, and no routing information for this port can be exported.
WARNING: [Route 35-198] Port "m_axi_a_rdata[7]" does not have an associated HD.PARTPIN_LOCS, which will prevent the partial routing of the signal "m_axi_a_rdata[7]". Without this partial route, timing analysis to/from this port will not be accurate, and no routing information for this port can be exported.
WARNING: [Route 35-198] Port "m_axi_sum_wready" does not have an associated HD.PARTPIN_LOCS, which will prevent the partial routing of the signal "m_axi_sum_wready". Without this partial route, timing analysis to/from this port will not be accurate, and no routing information for this port can be exported.
WARNING: [Route 35-198] Port "m_axi_a_rdata[12]" does not have an associated HD.PARTPIN_LOCS, which will prevent the partial routing of the signal "m_axi_a_rdata[12]". Without this partial route, timing analysis to/from this port will not be accurate, and no routing information for this port can be exported.
WARNING: [Route 35-198] Port "m_axi_a_rdata[22]" does not have an associated HD.PARTPIN_LOCS, which will prevent the partial routing of the signal "m_axi_a_rdata[22]". Without this partial route, timing analysis to/from this port will not be accurate, and no routing information for this port can be exported.
WARNING: [Route 35-198] Port "m_axi_a_rdata[2]" does not have an associated HD.PARTPIN_LOCS, which will prevent the partial routing of the signal "m_axi_a_rdata[2]". Without this partial route, timing analysis to/from this port will not be accurate, and no routing information for this port can be exported.
WARNING: [Route 35-198] Port "m_axi_a_rdata[30]" does not have an associated HD.PARTPIN_LOCS, which will prevent the partial routing of the signal "m_axi_a_rdata[30]". Without this partial route, timing analysis to/from this port will not be accurate, and no routing information for this port can be exported.
WARNING: [Route 35-198] Port "m_axi_a_rdata[31]" does not have an associated HD.PARTPIN_LOCS, which will prevent the partial routing of the signal "m_axi_a_rdata[31]". Without this partial route, timing analysis to/from this port will not be accurate, and no routing information for this port can be exported.
WARNING: [Route 35-198] Port "m_axi_a_rdata[4]" does not have an associated HD.PARTPIN_LOCS, which will prevent the partial routing of the signal "m_axi_a_rdata[4]". Without this partial route, timing analysis to/from this port will not be accurate, and no routing information for this port can be exported.
WARNING: [Route 35-198] Port "m_axi_a_rdata[5]" does not have an associated HD.PARTPIN_LOCS, which will prevent the partial routing of the signal "m_axi_a_rdata[5]". Without this partial route, timing analysis to/from this port will not be accurate, and no routing information for this port can be exported.
WARNING: [Route 35-198] Port "m_axi_a_rdata[6]" does not have an associated HD.PARTPIN_LOCS, which will prevent the partial routing of the signal "m_axi_a_rdata[6]". Without this partial route, timing analysis to/from this port will not be accurate, and no routing information for this port can be exported.
WARNING: [Route 35-198] Port "m_axi_b_rvalid" does not have an associated HD.PARTPIN_LOCS, which will prevent the partial routing of the signal "m_axi_b_rvalid". Without this partial route, timing analysis to/from this port will not be accurate, and no routing information for this port can be exported.
WARNING: [Route 35-198] Port "m_axi_a_rdata[16]" does not have an associated HD.PARTPIN_LOCS, which will prevent the partial routing of the signal "m_axi_a_rdata[16]". Without this partial route, timing analysis to/from this port will not be accurate, and no routing information for this port can be exported.
WARNING: [Route 35-198] Port "m_axi_a_rdata[19]" does not have an associated HD.PARTPIN_LOCS, which will prevent the partial routing of the signal "m_axi_a_rdata[19]". Without this partial route, timing analysis to/from this port will not be accurate, and no routing information for this port can be exported.
WARNING: [Route 35-198] Port "m_axi_a_rdata[1]" does not have an associated HD.PARTPIN_LOCS, which will prevent the partial routing of the signal "m_axi_a_rdata[1]". Without this partial route, timing analysis to/from this port will not be accurate, and no routing information for this port can be exported.
WARNING: [Route 35-198] Port "m_axi_a_rdata[25]" does not have an associated HD.PARTPIN_LOCS, which will prevent the partial routing of the signal "m_axi_a_rdata[25]". Without this partial route, timing analysis to/from this port will not be accurate, and no routing information for this port can be exported.
WARNING: [Route 35-198] Port "m_axi_a_rdata[26]" does not have an associated HD.PARTPIN_LOCS, which will prevent the partial routing of the signal "m_axi_a_rdata[26]". Without this partial route, timing analysis to/from this port will not be accurate, and no routing information for this port can be exported.
WARNING: [Route 35-198] Port "m_axi_a_rdata[27]" does not have an associated HD.PARTPIN_LOCS, which will prevent the partial routing of the signal "m_axi_a_rdata[27]". Without this partial route, timing analysis to/from this port will not be accurate, and no routing information for this port can be exported.
WARNING: [Route 35-198] Port "m_axi_a_rdata[8]" does not have an associated HD.PARTPIN_LOCS, which will prevent the partial routing of the signal "m_axi_a_rdata[8]". Without this partial route, timing analysis to/from this port will not be accurate, and no routing information for this port can be exported.
WARNING: [Route 35-198] Port "m_axi_a_rdata[9]" does not have an associated HD.PARTPIN_LOCS, which will prevent the partial routing of the signal "m_axi_a_rdata[9]". Without this partial route, timing analysis to/from this port will not be accurate, and no routing information for this port can be exported.
WARNING: [Route 35-198] Port "m_axi_a_rdata[10]" does not have an associated HD.PARTPIN_LOCS, which will prevent the partial routing of the signal "m_axi_a_rdata[10]". Without this partial route, timing analysis to/from this port will not be accurate, and no routing information for this port can be exported.
WARNING: [Route 35-198] Port "m_axi_a_rdata[11]" does not have an associated HD.PARTPIN_LOCS, which will prevent the partial routing of the signal "m_axi_a_rdata[11]". Without this partial route, timing analysis to/from this port will not be accurate, and no routing information for this port can be exported.
WARNING: [Route 35-198] Port "m_axi_a_rdata[24]" does not have an associated HD.PARTPIN_LOCS, which will prevent the partial routing of the signal "m_axi_a_rdata[24]". Without this partial route, timing analysis to/from this port will not be accurate, and no routing information for this port can be exported.
WARNING: [Route 35-198] Port "m_axi_a_rdata[28]" does not have an associated HD.PARTPIN_LOCS, which will prevent the partial routing of the signal "m_axi_a_rdata[28]". Without this partial route, timing analysis to/from this port will not be accurate, and no routing information for this port can be exported.
WARNING: [Route 35-198] Port "m_axi_a_rdata[29]" does not have an associated HD.PARTPIN_LOCS, which will prevent the partial routing of the signal "m_axi_a_rdata[29]". Without this partial route, timing analysis to/from this port will not be accurate, and no routing information for this port can be exported.
WARNING: [Route 35-198] Port "m_axi_a_rlast" does not have an associated HD.PARTPIN_LOCS, which will prevent the partial routing of the signal "m_axi_a_rlast". Without this partial route, timing analysis to/from this port will not be accurate, and no routing information for this port can be exported.
WARNING: [Route 35-198] Port "m_axi_a_rdata[3]" does not have an associated HD.PARTPIN_LOCS, which will prevent the partial routing of the signal "m_axi_a_rdata[3]". Without this partial route, timing analysis to/from this port will not be accurate, and no routing information for this port can be exported.
WARNING: [Route 35-198] Port "m_axi_a_rdata[0]" does not have an associated HD.PARTPIN_LOCS, which will prevent the partial routing of the signal "m_axi_a_rdata[0]". Without this partial route, timing analysis to/from this port will not be accurate, and no routing information for this port can be exported.
WARNING: [Route 35-198] Port "m_axi_a_rdata[17]" does not have an associated HD.PARTPIN_LOCS, which will prevent the partial routing of the signal "m_axi_a_rdata[17]". Without this partial route, timing analysis to/from this port will not be accurate, and no routing information for this port can be exported.
WARNING: [Route 35-198] Port "m_axi_a_rdata[18]" does not have an associated HD.PARTPIN_LOCS, which will prevent the partial routing of the signal "m_axi_a_rdata[18]". Without this partial route, timing analysis to/from this port will not be accurate, and no routing information for this port can be exported.
WARNING: [Route 35-198] Port "m_axi_b_rdata[12]" does not have an associated HD.PARTPIN_LOCS, which will prevent the partial routing of the signal "m_axi_b_rdata[12]". Without this partial route, timing analysis to/from this port will not be accurate, and no routing information for this port can be exported.
WARNING: [Route 35-198] Port "m_axi_b_rdata[13]" does not have an associated HD.PARTPIN_LOCS, which will prevent the partial routing of the signal "m_axi_b_rdata[13]". Without this partial route, timing analysis to/from this port will not be accurate, and no routing information for this port can be exported.
WARNING: [Route 35-198] Port "m_axi_b_rdata[23]" does not have an associated HD.PARTPIN_LOCS, which will prevent the partial routing of the signal "m_axi_b_rdata[23]". Without this partial route, timing analysis to/from this port will not be accurate, and no routing information for this port can be exported.
WARNING: [Route 35-198] Port "m_axi_b_rdata[30]" does not have an associated HD.PARTPIN_LOCS, which will prevent the partial routing of the signal "m_axi_b_rdata[30]". Without this partial route, timing analysis to/from this port will not be accurate, and no routing information for this port can be exported.
WARNING: [Route 35-198] Port "m_axi_b_rdata[31]" does not have an associated HD.PARTPIN_LOCS, which will prevent the partial routing of the signal "m_axi_b_rdata[31]". Without this partial route, timing analysis to/from this port will not be accurate, and no routing information for this port can be exported.
WARNING: [Route 35-198] Port "m_axi_b_rlast" does not have an associated HD.PARTPIN_LOCS, which will prevent the partial routing of the signal "m_axi_b_rlast". Without this partial route, timing analysis to/from this port will not be accurate, and no routing information for this port can be exported.
WARNING: [Route 35-198] Port "m_axi_b_rdata[4]" does not have an associated HD.PARTPIN_LOCS, which will prevent the partial routing of the signal "m_axi_b_rdata[4]". Without this partial route, timing analysis to/from this port will not be accurate, and no routing information for this port can be exported.
WARNING: [Route 35-198] Port "m_axi_b_rdata[7]" does not have an associated HD.PARTPIN_LOCS, which will prevent the partial routing of the signal "m_axi_b_rdata[7]". Without this partial route, timing analysis to/from this port will not be accurate, and no routing information for this port can be exported.
INFO: [Common 17-14] Message 'Route 35-198' appears 100 times and further instances of the messages will be disabled. Use the Tcl command set_msg_config to change the current settings.
Post Restoration Checksum: NetGraph: e780e8cb | NumContArr: 93fecc61 | Constraints: c2a8fa9d | Timing: c2a8fa9d
Phase 1 Build RT Design | Checksum: 300d1aa66

Time (s): cpu = 00:00:06 ; elapsed = 00:00:04 . Memory (MB): peak = 0.000 ; gain = 0.000 ; free physical = 83385 ; free virtual = 208625

Phase 2 Router Initialization

Phase 2.1 Fix Topology Constraints
Phase 2.1 Fix Topology Constraints | Checksum: 300d1aa66

Time (s): cpu = 00:00:06 ; elapsed = 00:00:04 . Memory (MB): peak = 0.000 ; gain = 0.000 ; free physical = 83382 ; free virtual = 208623

Phase 2.2 Pre Route Cleanup
Phase 2.2 Pre Route Cleanup | Checksum: 300d1aa66

Time (s): cpu = 00:00:06 ; elapsed = 00:00:04 . Memory (MB): peak = 0.000 ; gain = 0.000 ; free physical = 83382 ; free virtual = 208623

Phase 2.3 Global Clock Net Routing
Phase 2.3 Global Clock Net Routing | Checksum: 300d1aa66

Time (s): cpu = 00:00:07 ; elapsed = 00:00:04 . Memory (MB): peak = 0.000 ; gain = 0.000 ; free physical = 83373 ; free virtual = 208623

Phase 2.4 Update Timing
Phase 2.4 Update Timing | Checksum: 287507b18

Time (s): cpu = 00:00:08 ; elapsed = 00:00:04 . Memory (MB): peak = 0.000 ; gain = 0.000 ; free physical = 83361 ; free virtual = 208613
INFO: [Route 35-416] Intermediate Timing Summary | WNS=7.221  | TNS=0.000  | WHS=0.004  | THS=0.000  |


Phase 2.5 Soft Constraint Pins - Fast Budgeting
Phase 2.5 Soft Constraint Pins - Fast Budgeting | Checksum: 2ec72d0bc

Time (s): cpu = 00:00:10 ; elapsed = 00:00:05 . Memory (MB): peak = 0.000 ; gain = 0.000 ; free physical = 83479 ; free virtual = 208738

Router Utilization Summary
  Global Vertical Routing Utilization    = 0 %
  Global Horizontal Routing Utilization  = 0 %
  Routable Net Status*
  *Does not include unroutable nets such as driverless and loadless.
  Run report_route_status for detailed report.
  Number of Failed Nets               = 4143
    (Failed Nets is the sum of unrouted and partially routed nets)
  Number of Unrouted Nets             = 3759
  Number of Partially Routed Nets     = 384
  Number of Node Overlaps             = 0

Phase 2 Router Initialization | Checksum: 32361c58e

Time (s): cpu = 00:00:10 ; elapsed = 00:00:05 . Memory (MB): peak = 0.000 ; gain = 0.000 ; free physical = 83481 ; free virtual = 208740

Phase 3 Global Routing
Phase 3 Global Routing | Checksum: 32361c58e

Time (s): cpu = 00:00:10 ; elapsed = 00:00:05 . Memory (MB): peak = 0.000 ; gain = 0.000 ; free physical = 83481 ; free virtual = 208740

Phase 4 Initial Routing

Phase 4.1 Initial Net Routing Pass
Phase 4.1 Initial Net Routing Pass | Checksum: 1a9081bcc

Time (s): cpu = 00:00:12 ; elapsed = 00:00:06 . Memory (MB): peak = 0.000 ; gain = 0.000 ; free physical = 83470 ; free virtual = 208729
Phase 4 Initial Routing | Checksum: 10ecd186f

Time (s): cpu = 00:00:13 ; elapsed = 00:00:06 . Memory (MB): peak = 0.000 ; gain = 0.000 ; free physical = 83470 ; free virtual = 208729

Phase 5 Rip-up And Reroute

Phase 5.1 Global Iteration 0
 Number of Nodes with overlaps = 320
 Number of Nodes with overlaps = 7
 Number of Nodes with overlaps = 0
INFO: [Route 35-416] Intermediate Timing Summary | WNS=7.154  | TNS=0.000  | WHS=0.026  | THS=0.000  |

Phase 5.1 Global Iteration 0 | Checksum: 1b7bbd884

Time (s): cpu = 00:00:18 ; elapsed = 00:00:07 . Memory (MB): peak = 0.000 ; gain = 0.000 ; free physical = 83441 ; free virtual = 208739

Phase 5.2 Additional Iteration for Hold
Phase 5.2 Additional Iteration for Hold | Checksum: 1c3f77a40

Time (s): cpu = 00:00:18 ; elapsed = 00:00:07 . Memory (MB): peak = 0.000 ; gain = 0.000 ; free physical = 83441 ; free virtual = 208739
Phase 5 Rip-up And Reroute | Checksum: 1c3f77a40

Time (s): cpu = 00:00:18 ; elapsed = 00:00:07 . Memory (MB): peak = 0.000 ; gain = 0.000 ; free physical = 83441 ; free virtual = 208738

Phase 6 Delay and Skew Optimization

Phase 6.1 Delay CleanUp
Phase 6.1 Delay CleanUp | Checksum: 1c3f77a40

Time (s): cpu = 00:00:18 ; elapsed = 00:00:07 . Memory (MB): peak = 0.000 ; gain = 0.000 ; free physical = 83441 ; free virtual = 208738

Phase 6.2 Clock Skew Optimization
Phase 6.2 Clock Skew Optimization | Checksum: 1c3f77a40

Time (s): cpu = 00:00:18 ; elapsed = 00:00:07 . Memory (MB): peak = 0.000 ; gain = 0.000 ; free physical = 83441 ; free virtual = 208738
Phase 6 Delay and Skew Optimization | Checksum: 1c3f77a40

Time (s): cpu = 00:00:18 ; elapsed = 00:00:07 . Memory (MB): peak = 0.000 ; gain = 0.000 ; free physical = 83441 ; free virtual = 208738

Phase 7 Post Hold Fix

Phase 7.1 Hold Fix Iter
INFO: [Route 35-416] Intermediate Timing Summary | WNS=7.154  | TNS=0.000  | WHS=0.026  | THS=0.000  |

Phase 7.1 Hold Fix Iter | Checksum: 1e160674e

Time (s): cpu = 00:00:19 ; elapsed = 00:00:08 . Memory (MB): peak = 0.000 ; gain = 0.000 ; free physical = 83432 ; free virtual = 208730
Phase 7 Post Hold Fix | Checksum: 1e160674e

Time (s): cpu = 00:00:19 ; elapsed = 00:00:08 . Memory (MB): peak = 0.000 ; gain = 0.000 ; free physical = 83432 ; free virtual = 208730

Phase 8 Route finalize

Router Utilization Summary
  Global Vertical Routing Utilization    = 0.346702 %
  Global Horizontal Routing Utilization  = 0.504827 %
  Routable Net Status*
  *Does not include unroutable nets such as driverless and loadless.
  Run report_route_status for detailed report.
  Number of Failed Nets               = 0
    (Failed Nets is the sum of unrouted and partially routed nets)
  Number of Unrouted Nets             = 0
  Number of Partially Routed Nets     = 0
  Number of Node Overlaps             = 0

Phase 8 Route finalize | Checksum: 1e160674e

Time (s): cpu = 00:00:19 ; elapsed = 00:00:08 . Memory (MB): peak = 0.000 ; gain = 0.000 ; free physical = 83427 ; free virtual = 208724

Phase 9 Verifying routed nets

 Verification completed successfully
Phase 9 Verifying routed nets | Checksum: 1e160674e

Time (s): cpu = 00:00:19 ; elapsed = 00:00:08 . Memory (MB): peak = 0.000 ; gain = 0.000 ; free physical = 83431 ; free virtual = 208729

Phase 10 Depositing Routes
Phase 10 Depositing Routes | Checksum: 1e160674e

Time (s): cpu = 00:00:20 ; elapsed = 00:00:08 . Memory (MB): peak = 0.000 ; gain = 0.000 ; free physical = 83401 ; free virtual = 208702

Phase 11 Resolve XTalk
Phase 11 Resolve XTalk | Checksum: 1e160674e

Time (s): cpu = 00:00:20 ; elapsed = 00:00:08 . Memory (MB): peak = 0.000 ; gain = 0.000 ; free physical = 83402 ; free virtual = 208702

Phase 12 Post Process Routing
Phase 12 Post Process Routing | Checksum: 1e160674e

Time (s): cpu = 00:00:20 ; elapsed = 00:00:08 . Memory (MB): peak = 0.000 ; gain = 0.000 ; free physical = 83397 ; free virtual = 208697

Phase 13 Post Router Timing
INFO: [Route 35-57] Estimated Timing Summary | WNS=7.154  | TNS=0.000  | WHS=0.026  | THS=0.000  |

INFO: [Route 35-327] The final timing numbers are based on the router estimated timing analysis. For a complete and accurate timing signoff, please run report_timing_summary.
Phase 13 Post Router Timing | Checksum: 1e160674e

Time (s): cpu = 00:00:20 ; elapsed = 00:00:08 . Memory (MB): peak = 0.000 ; gain = 0.000 ; free physical = 83395 ; free virtual = 208696
Total Elapsed time in route_design: 8.07 secs

Phase 14 Post-Route Event Processing
Phase 14 Post-Route Event Processing | Checksum: 1de22b651

Time (s): cpu = 00:00:20 ; elapsed = 00:00:08 . Memory (MB): peak = 0.000 ; gain = 0.000 ; free physical = 83389 ; free virtual = 208689
INFO: [Route 35-16] Router Completed Successfully
Ending Routing Task | Checksum: 1de22b651

Time (s): cpu = 00:00:20 ; elapsed = 00:00:08 . Memory (MB): peak = 0.000 ; gain = 0.000 ; free physical = 83385 ; free virtual = 208686

Routing Is Done.
INFO: [Common 17-83] Releasing license: Implementation
100 Infos, 106 Warnings, 0 Critical Warnings and 0 Errors encountered.
route_design completed successfully
route_design: Time (s): cpu = 00:00:20 ; elapsed = 00:00:08 . Memory (MB): peak = 0.000 ; gain = 0.000 ; free physical = 83375 ; free virtual = 208676
INFO: [Vivado 12-24828] Executing command : report_drc -file bd_0_wrapper_drc_routed.rpt -pb bd_0_wrapper_drc_routed.pb -rpx bd_0_wrapper_drc_routed.rpx
Command: report_drc -file bd_0_wrapper_drc_routed.rpt -pb bd_0_wrapper_drc_routed.pb -rpx bd_0_wrapper_drc_routed.rpx
INFO: [IP_Flow 19-1839] IP Catalog is up to date.
INFO: [DRC 23-27] Running DRC with 8 threads
WARNING: [DRC 23-814] Not all possible (connectivity based) DRCs may have been run because this design is seen as Out of Context.
INFO: [Vivado_Tcl 2-168] The results of DRC are in file /nethome/sparakh7/fpga_8893/2026_Spring/lab0/project_1/hls/impl/verilog/project.runs/impl_1/bd_0_wrapper_drc_routed.rpt.
report_drc completed successfully
INFO: [Vivado 12-24828] Executing command : report_methodology -file bd_0_wrapper_methodology_drc_routed.rpt -pb bd_0_wrapper_methodology_drc_routed.pb -rpx bd_0_wrapper_methodology_drc_routed.rpx
Command: report_methodology -file bd_0_wrapper_methodology_drc_routed.rpt -pb bd_0_wrapper_methodology_drc_routed.pb -rpx bd_0_wrapper_methodology_drc_routed.rpx
INFO: [Timing 38-35] Done setting XDC timing constraints.
WARNING: [Timing 38-242] The property HD.CLK_SRC of clock port "ap_clk" is not set. In out-of-context mode, this prevents timing estimation for clock delay/skew
Resolution: Set the HD.CLK_SRC property of the out-of-context port to the location of the clock buffer instance in the top-level design
INFO: [DRC 23-133] Running Methodology with 8 threads
WARNING: [DRC 23-814] Not all possible (connectivity based) DRCs may have been run because this design is seen as Out of Context.
INFO: [Vivado_Tcl 2-1520] The results of Report Methodology are in file /nethome/sparakh7/fpga_8893/2026_Spring/lab0/project_1/hls/impl/verilog/project.runs/impl_1/bd_0_wrapper_methodology_drc_routed.rpt.
report_methodology completed successfully
INFO: [Vivado 12-24828] Executing command : report_timing_summary -max_paths 10 -routable_nets -report_unconstrained -file bd_0_wrapper_timing_summary_routed.rpt -pb bd_0_wrapper_timing_summary_routed.pb -rpx bd_0_wrapper_timing_summary_routed.rpx -warn_on_violation 
INFO: [Timing 38-35] Done setting XDC timing constraints.
INFO: [Timing 38-91] UpdateTimingParams: Speed grade: -1, Temperature grade: E, Delay Type: min_max.
INFO: [Timing 38-191] Multithreading enabled for timing update using a maximum of 8 CPUs
INFO: [Vivado 12-24838] Running report commands "report_bus_skew, report_incremental_reuse, report_route_status" in parallel.
Running report generation with 3 threads.
INFO: [Vivado 12-24828] Executing command : report_incremental_reuse -file bd_0_wrapper_incremental_reuse_routed.rpt
INFO: [Vivado_Tcl 4-1062] Incremental flow is disabled. No incremental reuse Info to report.
INFO: [Vivado 12-24828] Executing command : report_route_status -file bd_0_wrapper_route_status.rpt -pb bd_0_wrapper_route_status.pb
INFO: [Vivado 12-24828] Executing command : report_bus_skew -warn_on_violation -file bd_0_wrapper_bus_skew_routed.rpt -pb bd_0_wrapper_bus_skew_routed.pb -rpx bd_0_wrapper_bus_skew_routed.rpx
INFO: [Timing 38-91] UpdateTimingParams: Speed grade: -1, Temperature grade: E, Delay Type: min_max.
INFO: [Timing 38-191] Multithreading enabled for timing update using a maximum of 8 CPUs
INFO: [Vivado 12-24828] Executing command : report_power -file bd_0_wrapper_power_routed.rpt -pb bd_0_wrapper_power_summary_routed.pb -rpx bd_0_wrapper_power_routed.rpx
Command: report_power -file bd_0_wrapper_power_routed.rpt -pb bd_0_wrapper_power_summary_routed.pb -rpx bd_0_wrapper_power_routed.rpx
Running Vector-less Activity Propagation...

Finished Running Vector-less Activity Propagation
120 Infos, 109 Warnings, 0 Critical Warnings and 0 Errors encountered.
report_power completed successfully
report_power: Time (s): cpu = 00:00:10 ; elapsed = 00:00:08 . Memory (MB): peak = 0.000 ; gain = 0.000 ; free physical = 82595 ; free virtual = 207986
INFO: [Vivado 12-24828] Executing command : report_clock_utilization -file bd_0_wrapper_clock_utilization_routed.rpt
generate_parallel_reports: Time (s): cpu = 00:00:37 ; elapsed = 00:00:17 . Memory (MB): peak = 0.000 ; gain = 0.000 ; free physical = 82087 ; free virtual = 207473
INFO: [Timing 38-480] Writing timing data to binary archive.
Write ShapeDB Complete: Time (s): cpu = 00:00:00.04 ; elapsed = 00:00:00.03 . Memory (MB): peak = 0.000 ; gain = 0.000 ; free physical = 82066 ; free virtual = 207452
Wrote PlaceDB: Time (s): cpu = 00:00:00.74 ; elapsed = 00:00:00.3 . Memory (MB): peak = 0.000 ; gain = 0.000 ; free physical = 82053 ; free virtual = 207443
Wrote PulsedLatchDB: Time (s): cpu = 00:00:00 ; elapsed = 00:00:00 . Memory (MB): peak = 0.000 ; gain = 0.000 ; free physical = 82053 ; free virtual = 207443
Writing XDEF routing.
Writing XDEF routing logical nets.
Writing XDEF routing special nets.
Wrote RouteStorage: Time (s): cpu = 00:00:00.14 ; elapsed = 00:00:00.18 . Memory (MB): peak = 0.000 ; gain = 0.000 ; free physical = 82046 ; free virtual = 207436
Wrote Netlist Cache: Time (s): cpu = 00:00:00.01 ; elapsed = 00:00:00.01 . Memory (MB): peak = 0.000 ; gain = 0.000 ; free physical = 82044 ; free virtual = 207435
Wrote Device Cache: Time (s): cpu = 00:00:00.02 ; elapsed = 00:00:00.02 . Memory (MB): peak = 0.000 ; gain = 0.000 ; free physical = 82042 ; free virtual = 207435
Write Physdb Complete: Time (s): cpu = 00:00:00.92 ; elapsed = 00:00:00.54 . Memory (MB): peak = 0.000 ; gain = 0.000 ; free physical = 82041 ; free virtual = 207435
INFO: [Common 17-1381] The checkpoint '/nethome/sparakh7/fpga_8893/2026_Spring/lab0/project_1/hls/impl/verilog/project.runs/impl_1/bd_0_wrapper_routed.dcp' has been generated.
INFO: [Common 17-206] Exiting Vivado at Thu Jan 22 16:13:53 2026...
[Thu Jan 22 16:14:14 2026] impl_1 finished
wait_on_runs: Time (s): cpu = 00:00:02 ; elapsed = 00:02:56 . Memory (MB): peak = 0.000 ; gain = 0.000 ; free physical = 85115 ; free virtual = 210512
TIMESTAMP: HLS-REPORT: implementation open_run: 2026-01-22 16:14:14 EST
INFO: HLS-REPORT: Opening implementation design database: open_run impl_1
Netlist sorting complete. Time (s): cpu = 00:00:00.06 ; elapsed = 00:00:00.06 . Memory (MB): peak = 0.000 ; gain = 0.000 ; free physical = 85107 ; free virtual = 210503
INFO: [Netlist 29-17] Analyzing 85 Unisim elements for replacement
INFO: [Netlist 29-28] Unisim Transformation completed in 0 CPU seconds
INFO: [Project 1-479] Netlist was created with Vivado 2025.1.1
INFO: [Project 1-570] Preparing netlist for logic optimization
Read ShapeDB Complete: Time (s): cpu = 00:00:00.01 ; elapsed = 00:00:00.01 . Memory (MB): peak = 0.000 ; gain = 0.000 ; free physical = 85113 ; free virtual = 210509
INFO: [Timing 38-478] Restoring timing data from binary archive.
INFO: [Timing 38-479] Binary timing data restore complete.
INFO: [Project 1-856] Restoring constraints from binary archive.
INFO: [Project 1-853] Binary constraint restore complete.
INFO: [Designutils 20-5722] Start Reading Physical Databases.
Reading placement.
Read Netlist Cache: Time (s): cpu = 00:00:00.01 ; elapsed = 00:00:00 . Memory (MB): peak = 0.000 ; gain = 0.000 ; free physical = 85536 ; free virtual = 210964
Reading placer database...
Read Device Cache: Time (s): cpu = 00:00:00.04 ; elapsed = 00:00:00.04 . Memory (MB): peak = 0.000 ; gain = 0.000 ; free physical = 85525 ; free virtual = 210953
Read PlaceDB: Time (s): cpu = 00:00:00.2 ; elapsed = 00:00:00.21 . Memory (MB): peak = 0.000 ; gain = 0.000 ; free physical = 85498 ; free virtual = 210926
Read PulsedLatchDB: Time (s): cpu = 00:00:00 ; elapsed = 00:00:00 . Memory (MB): peak = 0.000 ; gain = 0.000 ; free physical = 85497 ; free virtual = 210925
Reading routing.
Read RouteStorage: Time (s): cpu = 00:00:00.13 ; elapsed = 00:00:00.09 . Memory (MB): peak = 0.000 ; gain = 0.000 ; free physical = 85480 ; free virtual = 210908
Read Physdb Files: Time (s): cpu = 00:00:00.39 ; elapsed = 00:00:00.37 . Memory (MB): peak = 0.000 ; gain = 0.000 ; free physical = 85478 ; free virtual = 210906
Restored from archive | CPU: 0.440000 secs | Memory: 5.164001 MB |
Finished XDEF File Restore: Time (s): cpu = 00:00:00.39 ; elapsed = 00:00:00.37 . Memory (MB): peak = 0.000 ; gain = 0.000 ; free physical = 85478 ; free virtual = 210906
Netlist sorting complete. Time (s): cpu = 00:00:00 ; elapsed = 00:00:00 . Memory (MB): peak = 0.000 ; gain = 0.000 ; free physical = 85471 ; free virtual = 210899
INFO: [Project 1-111] Unisim Transformation Summary:
  A total of 3 instances were transformed.
  DSP48E2 => DSP48E2 (DSP_ALU, DSP_A_B_DATA, DSP_C_DATA, DSP_MULTIPLIER, DSP_M_DATA, DSP_OUTPUT, DSP_PREADD, DSP_PREADD_DATA): 3 instances

open_run: Time (s): cpu = 00:00:08 ; elapsed = 00:00:09 . Memory (MB): peak = 0.000 ; gain = 0.000 ; free physical = 85464 ; free virtual = 210892
TIMESTAMP: HLS-REPORT: implementation generate_reports_vivado: 2026-01-22 16:14:22 EST
INFO: HLS-REPORT: Running report: report_utilization -file ./report/top_kernel_utilization_routed.rpt
INFO: HLS-REPORT: Running report: report_utilization -hierarchical -hierarchical_depth 5 -file ./report/top_kernel_utilization_hierarchical_routed.rpt
INFO: HLS-REPORT: Running report: report_timing_summary -file ./report/top_kernel_timing_routed.rpt
INFO: [Timing 38-91] UpdateTimingParams: Speed grade: -1, Temperature grade: E, Delay Type: min_max.
INFO: [Timing 38-191] Multithreading enabled for timing update using a maximum of 8 CPUs
WARNING: [Timing 38-242] The property HD.CLK_SRC of clock port "ap_clk" is not set. In out-of-context mode, this prevents timing estimation for clock delay/skew
Resolution: Set the HD.CLK_SRC property of the out-of-context port to the location of the clock buffer instance in the top-level design
INFO: HLS-REPORT: Running report: report_power -file ./report/top_kernel_power_routed.rpt -xpe ./top_kernel_power.xpe
Command: report_power -file ./report/top_kernel_power_routed.rpt -xpe ./top_kernel_power.xpe
Running Vector-less Activity Propagation...

Finished Running Vector-less Activity Propagation
13 Infos, 2 Warnings, 0 Critical Warnings and 0 Errors encountered.
report_power completed successfully
INFO: HLS-REPORT: Running report: report_route_status -file ./report/top_kernel_status_routed.rpt
INFO: HLS-REPORT: Running report: report_timing -max_paths 10 -file ./report/top_kernel_timing_paths_routed.rpt
INFO: [Timing 38-91] UpdateTimingParams: Speed grade: -1, Temperature grade: E, Delay Type: max.
INFO: [Timing 38-191] Multithreading enabled for timing update using a maximum of 8 CPUs
INFO: [Timing 38-78] ReportTimingParams: -max_paths 10 -nworst 1 -delay_type max -sort_by slack.
INFO: HLS-REPORT: Running report: report_design_analysis -file ./report/top_kernel_design_analysis_routed.rpt
INFO: HLS-REPORT: Running report: ::tclapp::xilinx::designutils::report_failfast -detailed_report impl -file ./report/top_kernel_failfast_routed.rpt
 -I- design metrics completed in 0 seconds
 -I- DONT_TOUCH metric completed in 0 seconds
 -I- MARK_DEBUG metric completed in 0 seconds
 -I- utilization metrics completed in 3 seconds
 -I- control set metrics completed in 0 seconds
 -I- methodology check metrics completed in 0 seconds
 -I- average fanout metrics completed in 1 seconds (0 modules)
 -I- non-FD high fanout nets completed in 0 seconds
 -I- path budgeting metrics completed in 0 seconds
#  +-----------------------------------------------------------------------------------------+
#  | Design Summary                                                                          |
#  | impl_1                                                                                  |
#  | xczu3eg-sbva484-1-e                                                                     |
#  +-----------------------------------------------------------+-----------+--------+--------+
#  | Criteria                                                  | Guideline | Actual | Status |
#  +-----------------------------------------------------------+-----------+--------+--------+
#  | LUT                                                       | 70%       | 2.70%  | OK     |
#  | FD                                                        | 50%       | 2.14%  | OK     |
#  | LUTRAM+SRL                                                | 25%       | 0.75%  | OK     |
#  | CARRY8                                                    | 25%       | 0.93%  | OK     |
#  | MUXF7                                                     | 15%       | 0.00%  | OK     |
#  | DSP                                                       | 80%       | 0.83%  | OK     |
#  | RAMB/FIFO                                                 | 80%       | 0.46%  | OK     |
#  | DSP+RAMB+URAM (Avg)                                       | 70%       | 0.65%  | OK     |
#  | BUFGCE* + BUFGCTRL                                        | 24        | 0      | OK     |
#  | DONT_TOUCH (cells/nets)                                   | 0         | 0      | OK     |
#  | MARK_DEBUG (nets)                                         | 0         | 0      | OK     |
#  | Control Sets                                              | 1323      | 118    | OK     |
#  | Average Fanout for modules > 100k cells                   | 4         | 1.98   | OK     |
#  | Max Average Fanout for modules > 100k cells               | 4         | 0      | OK     |
#  | Non-FD high fanout nets > 10k loads                       | 0         | 0      | OK     |
#  +-----------------------------------------------------------+-----------+--------+--------+
#  | TIMING-6 (No common primary clock between related clocks) | 0         | 0      | OK     |
#  | TIMING-7 (No common node between related clocks)          | 0         | 0      | OK     |
#  | TIMING-8 (No common period between related clocks)        | 0         | 0      | OK     |
#  | TIMING-14 (LUT on the clock tree)                         | 0         | 0      | OK     |
#  | TIMING-35 (No common node in paths with the same clock)   | 0         | 0      | OK     |
#  +-----------------------------------------------------------+-----------+--------+--------+
#  | Number of paths above max LUT budgeting (0.350ns)         | 0         | 0      | OK     |
#  | Number of paths above max Net budgeting (0.239ns)         | 0         | 0      | OK     |
#  +-----------------------------------------------------------+-----------+--------+--------+
 -I- Generated file /nethome/sparakh7/fpga_8893/2026_Spring/lab0/project_1/hls/impl/verilog/report/top_kernel_failfast_routed.rpt
 -I- Number of criteria to review: 0
 -I- This report should be run before placing the design and uses conservative guidelines beyond which runtime and timing closure will likely be more challenging
 -I- report_failfast completed in 4 seconds
TIMESTAMP: HLS-REPORT: implementation gen_data_dict_vivado: 2026-01-22 16:14:33 EST
TIMESTAMP: HLS-REPORT: impl extract_util_hier: 2026-01-22 16:14:33 EST
TIMESTAMP: HLS-REPORT: impl get_cell_hier_data: 2026-01-22 16:14:33 EST
TIMESTAMP: HLS-REPORT: impl get_timing_paths: 2026-01-22 16:14:33 EST
TIMESTAMP: HLS-REPORT: impl process timing paths: 2026-01-22 16:14:33 EST
TIMESTAMP: HLS-REPORT: impl get_all_vv_rpt_files: 2026-01-22 16:14:33 EST
TIMESTAMP: HLS-REPORT: implementation write_reports_vivado: 2026-01-22 16:14:33 EST
HLS EXTRACTION: impl area_totals:  0 70560 141120 360 432 8820 0
HLS EXTRACTION: impl area_current: 0 1906 3019 3 2 0 216 472 0 0
HLS EXTRACTION: impl resources_dict: AVAIL_LUT 70560 LUT 1906 AVAIL_FF 141120 FF 3019 AVAIL_DSP 360 DSP 3 AVAIL_BRAM 432 BRAM 2 AVAIL_URAM 0 URAM 0 LATCH 0 SRL 216 AVAIL_CLB 8820 CLB 472
INFO: HLS-REPORT: generated /nethome/sparakh7/fpga_8893/2026_Spring/lab0/project_1/hls/impl/verilog/report/vivado_impl.xml
INFO: HLS-REPORT: generated /nethome/sparakh7/fpga_8893/2026_Spring/lab0/project_1/hls/impl/report/verilog/top_kernel_export.rpt


Implementation tool: Xilinx Vivado v.2025.1.1
Project:             project_1
Solution:            hls
Device target:       xczu3eg-sbva484-1-e
Report date:         Thu Jan 22 16:14:33 EST 2026

#=== Post-Implementation Resource usage ===
SLICE:            0
LUT:           1906
FF:            3019
DSP:              3
BRAM:             2
URAM:             0
LATCH:            0
SRL:            216
CLB:            472

#=== Final timing ===
CP required:                     10.000
CP achieved post-synthesis:      2.779
CP achieved post-implementation: 2.845
Timing met

TIMESTAMP: HLS-REPORT: implementation end: 2026-01-22 16:14:33 EST
INFO: HLS-REPORT: impl run complete: worst setup slack (WNS)=7.155445, worst hold slack (WHS)=0.027000, total pulse width slack(TPWS)=0.000000, number of unrouted nets=0
# hls_vivado_reports_finalize $report_options
TIMESTAMP: HLS-REPORT: all reports complete: 2026-01-22 16:14:33 EST
INFO: [Common 17-206] Exiting Vivado at Thu Jan 22 16:14:33 2026...
INFO: [HLS 200-802] Generated output file project_1/hls/impl/export.zip
INFO: [HLS 200-2161] Finished Command export_design Elapsed time: 00:09:40; Allocated memory: 0.000 MB.
INFO: [HLS 200-112] Total CPU user time: 561.95 seconds. Total CPU system time: 55.9 seconds. Total elapsed time: 672.15 seconds; peak allocated memory: 0.000 MB.
INFO: [vitis-run 60-791] Total elapsed time: 0h 11m 14s
INFO: [vitis-run 60-1662] Stopping dispatch session having empty uuid.
